"id","nome do vendedor","nome do produto","marca","modelo","quantidade vendida"," valor unitario ","mÃªs","vendas totais"
"358","Drusi Markova","smartwatch","Samsung","smartwatch","60.00","R$ 6,664.00","December","399840.00"
"633","Reinaldos Szymanzyk","tablet","Xiaomi","tablet","90.00","R$ 2,949.00","December","265410.00"
"253","Rudy Plunkett","laptop","Sony","laptop","50.00","R$ 6,346.00","September","317300.00"
"123","Lev Colliber","camera","LG","Maquina Fotografica  ","16.00","R$ 6,012.00","December","96192.00"
"710","Jordain Febry","laptop","Xiaomi","laptop","81.00","R$ 112.00","November","9072.00"
"308","Jeddy Meni","smartwatch","Apple","smartwatch","51.00","R$ 4,176.00","August","212976.00"
"626","Lori Steinham","smartwatch","Apple","smartwatch","54.00","R$ 8,092.00","April","436968.00"
"544","Trevor Cutts","laptop","LG","laptop","84.00","R$ 1,612.00","November","135408.00"
"130","Andreana Semour","laptop","Apple","laptop","89.00","R$ 8,388.00","March","746532.00"
"577","Toni Gaiford","tablet","Apple","tablet","50.00","R$ 7,241.00","March","362050.00"
"376","Hadria Cleyne","camera","Apple","Maquina Fotografica  ","90.00","R$ 5,390.00","June","485100.00"
"1000","Andee Geraghty","smartwatch","Xiaomi","smartwatch","6.00","R$ 8,999.00","July","53994.00"
"698","Olimpia McLanaghan","smartphone","LG","smartphone","41.00","R$ 1,667.00","October","68347.00"
"741","Bale Benck","camera","Samsung","Maquina Fotografica  ","100.00","R$ 9,462.00","November","946200.00"
"814","Dorris Imbrey","tablet","Sony","tablet","36.00","R$ 7,045.00","May","253620.00"
"755","Craggie Binden","tablet","Xiaomi","tablet","100.00","R$ 9,837.00","July","983700.00"
"562","Raleigh McTear","tablet","Apple","tablet","48.00","R$ 4,055.00","October","194640.00"
"748","Alexandros Barwis","laptop","LG","laptop","67.00","R$ 7,881.00","September","528027.00"
"960","Isacco Stockford","smartwatch","Sony","smartwatch","12.00","R$ 7,522.00","January","90264.00"
"208","Cecil Gino","smartphone","LG","smartphone","83.00","R$ 3,393.00","April","281619.00"
"715","Nicolina Knightley","camera","Xiaomi","Maquina Fotografica  ","29.00","R$ 3,145.00","February","91205.00"
"765","Hazel Velez","laptop","Apple","laptop","61.00","R$ 9,263.00","January","565043.00"
"569","Evonne Poxton","tablet","Sony","tablet","20.00","R$ 8,649.00","March","172980.00"
"104","Karola Matthaus","laptop","Samsung","laptop","99.00","R$ 8,235.00","December","815265.00"
"921","Margret Lawerence","laptop","LG","laptop","14.00","R$ 7,977.00","March","111678.00"
"727","Morten Mathelin","smartphone","Samsung","smartphone","23.00","R$ 3,010.00","May","69230.00"
"300","Jorie Goodsir","laptop","Xiaomi","laptop","93.00","R$ 9,403.00","April","874479.00"
"509","Vladimir Dunrige","tablet","LG","tablet","91.00","R$ 9,158.00","August","833378.00"
"913","Nicola Jarrelt","smartwatch","Samsung","smartwatch","35.00","R$ 7,654.00","December","267890.00"
"621","Sibylle Oswell","camera","Xiaomi","Maquina Fotografica  ","23.00","R$ 8,544.00","July","196512.00"
"394","Mickey Sherwyn","laptop","Sony","laptop","19.00","R$ 5,187.00","February","98553.00"
"501","Ezmeralda McCurtin","smartwatch","LG","smartwatch","19.00","R$ 229.00","September","4351.00"
"861","Egor Blackburn","laptop","Xiaomi","laptop","65.00","R$ 9,787.00","December","636155.00"
"379","Nikola Pulver","camera","Xiaomi","Maquina Fotografica  ","26.00","R$ 9,499.00","January","246974.00"
"98","Darsie Banke","laptop","Samsung","laptop","85.00","R$ 5,090.00","April","432650.00"
"610","Jocelyn Strover","smartphone","Sony","smartphone","52.00","R$ 7,737.00","March","402324.00"
"251","Philip O' Flaherty","tablet","LG","tablet","60.00","R$ 3,230.00","July","193800.00"
"334","Cathi Tootin","smartphone","Xiaomi","smartphone","38.00","R$ 7,621.00","September","289598.00"
"931","Madel Potbury","smartwatch","Samsung","smartwatch","84.00","R$ 4,103.00","December","344652.00"
"210","Anitra Lounds","smartwatch","LG","smartwatch","18.00","R$ 717.00","March","12906.00"
"20","Josefina Benardeau","laptop","Sony","laptop","95.00","R$ 5,475.00","October","520125.00"
"519","Roda Ioan","smartwatch","Samsung","smartwatch","93.00","R$ 8,185.00","August","761205.00"
"439","Tanhya Waine","smartwatch","Xiaomi","smartwatch","98.00","R$ 8,566.00","August","839468.00"
"810","Leonid Van Salzberger","camera","Xiaomi","Maquina Fotografica  ","87.00","R$ 2,866.00","May","249342.00"
"566","Merrill Lowis","laptop","Sony","laptop","56.00","R$ 5,548.00","October","310688.00"
"919","Wylie Tomasik","tablet","LG","tablet","27.00","R$ 1,880.00","July","50760.00"
"196","Michelle Wathey","smartwatch","Apple","smartwatch","7.00","R$ 3,837.00","February","26859.00"
"681","Gerhard Swallow","smartwatch","Apple","smartwatch","62.00","R$ 1,902.00","January","117924.00"
"525","Nomi Lie","tablet","Xiaomi","tablet","73.00","R$ 872.00","April","63656.00"
"291","Norris Netley","tablet","Sony","tablet","80.00","R$ 6,584.00","June","526720.00"
"763","Sheeree Fetter","camera","Apple","Maquina Fotografica  ","49.00","R$ 1,639.00","August","80311.00"
"941","Sheela Ferreli","tablet","Sony","tablet","80.00","R$ 9,151.00","August","732080.00"
"41","Shannon Zanni","smartphone","Apple","smartphone","39.00","R$ 9,124.00","August","355836.00"
"670","Humbert Weddell","camera","Samsung","Maquina Fotografica  ","76.00","R$ 2,476.00","March","188176.00"
"646","Casandra Ponde","tablet","Apple","tablet","16.00","R$ 7,468.00","March","119488.00"
"134","Kelly Banbrick","laptop","Xiaomi","laptop","85.00","R$ 6,079.00","January","516715.00"
"398","Griz Feetham","tablet","Apple","tablet","84.00","R$ 7,318.00","October","614712.00"
"826","Lance Kliemchen","smartphone","Samsung","smartphone","8.00","R$ 5,902.00","April","47216.00"
"954","Millisent Orrom","tablet","Sony","tablet","61.00","R$ 7,782.00","March","474702.00"
"268","Maegan Presnail","laptop","Samsung","laptop","16.00","R$ 8,774.00","May","140384.00"
"733","Wyn Heliet","laptop","Xiaomi","laptop","3.00","R$ 8,870.00","November","26610.00"
"648","Lauraine Windsor","tablet","Sony","tablet","24.00","R$ 1,169.00","September","28056.00"
"674","Zola O'Devey","camera","Sony","Maquina Fotografica  ","2.00","R$ 6,504.00","March","13008.00"
"175","Lissi Efford","smartphone","Xiaomi","smartphone","76.00","R$ 2,867.00","October","217892.00"
"759","Bendicty Jacomb","camera","Xiaomi","Maquina Fotografica  ","33.00","R$ 2,859.00","October","94347.00"
"162","Agustin De Gregario","camera","Samsung","Maquina Fotografica  ","35.00","R$ 6,915.00","February","242025.00"
"387","Filberto Smorfit","tablet","Sony","tablet","36.00","R$ 3,229.00","March","116244.00"
"616","Mari Hain","smartwatch","Apple","smartwatch","33.00","R$ 6,165.00","September","203445.00"
"488","Orran Sparham","camera","Apple","Maquina Fotografica  ","19.00","R$ 5,883.00","October","111777.00"
"973","Carmelia Jankiewicz","smartphone","Sony","smartphone","78.00","R$ 2,925.00","January","228150.00"
"218","Kellyann Woodus","smartphone","Xiaomi","smartphone","18.00","R$ 1,550.00","June","27900.00"
"342","Austin Sailer","smartphone","Sony","smartphone","1.00","R$ 4,623.00","June","4623.00"
"587","Armando Saffran","laptop","Sony","laptop","24.00","R$ 2,079.00","February","49896.00"
"829","Enrika Crass","tablet","LG","tablet","8.00","R$ 3,298.00","December","26384.00"
"713","Aaron Gress","smartphone","Sony","smartphone","18.00","R$ 5,423.00","October","97614.00"
"944","Stan Colloby","smartwatch","Samsung","smartwatch","88.00","R$ 1,316.00","May","115808.00"
"270","Celinda Paszek","laptop","Apple","laptop","99.00","R$ 4,479.00","November","443421.00"
"138","Sallyanne Earthfield","tablet","LG","tablet","100.00","R$ 4,172.00","September","417200.00"
"483","Tricia Rumin","smartphone","Samsung","smartphone","61.00","R$ 9,797.00","June","597617.00"
"785","Kori Haselwood","laptop","LG","laptop","95.00","R$ 5,012.00","August","476140.00"
"61","Robinson Howton","laptop","Xiaomi","laptop","50.00","R$ 5,673.00","February","283650.00"
"736","Donielle Castellan","camera","Xiaomi","Maquina Fotografica  ","53.00","R$ 3,914.00","July","207442.00"
"351","Pierre Buswell","laptop","Apple","laptop","46.00","R$ 3,914.00","May","180044.00"
"825","Gustie Barok","tablet","LG","tablet","91.00","R$ 6,655.00","December","605605.00"
"632","Leupold Brugden","camera","Xiaomi","Maquina Fotografica  ","92.00","R$ 8,732.00","September","803344.00"
"678","Gaby Kerfoot","smartwatch","LG","smartwatch","90.00","R$ 2,246.00","September","202140.00"
"598","Mirabella Andrassy","smartwatch","Apple","smartwatch","2.00","R$ 5,705.00","May","11410.00"
"767","Odella Vanetti","smartphone","Apple","smartphone","89.00","R$ 9,704.00","January","863656.00"
"735","Willi Roulston","smartphone","LG","smartphone","51.00","R$ 4,745.00","July","241995.00"
"216","Babara Niche","smartwatch","Sony","smartwatch","89.00","R$ 5,981.00","June","532309.00"
"539","Manfred Firmage","laptop","Xiaomi","laptop","52.00","R$ 5,835.00","December","303420.00"
"356","Tony Reavey","camera","Samsung","Maquina Fotografica  ","21.00","R$ 406.00","April","8526.00"
"590","Anatollo Kennford","smartwatch","Samsung","smartwatch","28.00","R$ 5,282.00","August","147896.00"
"734","Teddie Placidi","tablet","Xiaomi","tablet","6.00","R$ 7,734.00","January","46404.00"
"588","Ambrosi Fuchs","laptop","Xiaomi","laptop","10.00","R$ 5,399.00","July","53990.00"
"619","Marion Booi","smartwatch","Sony","smartwatch","63.00","R$ 3,383.00","November","213129.00"
"686","Brenn Spancock","camera","Sony","Maquina Fotografica  ","43.00","R$ 4,665.00","February","200595.00"
"932","Louella Grayham","smartphone","Samsung","smartphone","46.00","R$ 6,792.00","March","312432.00"
"812","Joseph Alker","tablet","Xiaomi","tablet","7.00","R$ 1,016.00","February","7112.00"
"187","Frasquito Bussons","smartwatch","LG","smartwatch","49.00","R$ 1,616.00","June","79184.00"
"651","Payton Chappelle","tablet","LG","tablet","66.00","R$ 3,510.00","May","231660.00"
"467","Osborne Stenson","smartwatch","LG","smartwatch","14.00","R$ 9,386.00","March","131404.00"
"789","Payton Petlyura","smartwatch","LG","smartwatch","64.00","R$ 5,393.00","December","345152.00"
"401","Matias Ley","smartphone","Xiaomi","smartphone","70.00","R$ 5,055.00","June","353850.00"
"473","Dacie Jacke","tablet","Xiaomi","tablet","9.00","R$ 502.00","October","4518.00"
"250","Lionello Slamaker","smartwatch","Sony","smartwatch","98.00","R$ 8,769.00","November","859362.00"
"864","Suellen Hartropp","smartwatch","Sony","smartwatch","90.00","R$ 9,087.00","February","817830.00"
"608","Ilse Wigfield","smartwatch","Apple","smartwatch","41.00","R$ 1,887.00","December","77367.00"
"84","Gavin Solway","smartwatch","Samsung","smartwatch","91.00","R$ 9,087.00","July","826917.00"
"691","Glen Scad","smartphone","LG","smartphone","72.00","R$ 3,908.00","August","281376.00"
"999","Ava Veldman","camera","Xiaomi","Maquina Fotografica  ","96.00","R$ 6,201.00","September","595296.00"
"146","Saunderson MacMechan","laptop","Apple","laptop","54.00","R$ 5,744.00","March","310176.00"
"991","Linnie Janosevic","laptop","Sony","laptop","85.00","R$ 3,505.00","July","297925.00"
"65","Adolphus Cabrer","smartphone","Samsung","smartphone","14.00","R$ 8,160.00","February","114240.00"
"770","Darbie Pickhaver","laptop","Apple","laptop","30.00","R$ 9,471.00","January","284130.00"
"974","Hanna Gherardelli","smartphone","LG","smartphone","60.00","R$ 3,703.00","December","222180.00"
"309","Jenilee Youngs","smartwatch","Sony","smartwatch","40.00","R$ 9,480.00","January","379200.00"
"622","Camala Willmot","camera","Apple","Maquina Fotografica  ","37.00","R$ 4,081.00","December","150997.00"
"955","Priscilla De la Harpe","smartphone","LG","smartphone","40.00","R$ 3,848.00","April","153920.00"
"257","Meredeth Irdale","smartwatch","Sony","smartwatch","41.00","R$ 2,233.00","September","91553.00"
"961","Caril Turbayne","tablet","Sony","tablet","91.00","R$ 3,484.00","September","317044.00"
"607","Borg Gregoriou","smartphone","Sony","smartphone","33.00","R$ 4,452.00","November","146916.00"
"474","Moises Gorvin","laptop","Xiaomi","laptop","86.00","R$ 493.00","February","42398.00"
"597","Dimitry Station","laptop","Apple","laptop","3.00","R$ 2,387.00","May","7161.00"
"364","Kirby Thornton-Dewhirst","tablet","Apple","tablet","55.00","R$ 8,497.00","August","467335.00"
"157","Edvard Treamayne","smartphone","Xiaomi","smartphone","5.00","R$ 8,338.00","April","41690.00"
"911","Tammara Bernetti","camera","Xiaomi","Maquina Fotografica  ","85.00","R$ 7,252.00","October","616420.00"
"604","Leelah Bernardet","smartwatch","LG","smartwatch","91.00","R$ 4,550.00","July","414050.00"
"448","Ainslie Mattingly","tablet","Apple","tablet","11.00","R$ 4,083.00","May","44913.00"
"58","Shawn Gossington","tablet","Sony","tablet","84.00","R$ 1,416.00","November","118944.00"
"917","Trenton Mahoney","tablet","Apple","tablet","76.00","R$ 7,876.00","June","598576.00"
"628","Ardella Aitkin","smartwatch","Xiaomi","smartwatch","70.00","R$ 6,974.00","March","488180.00"
"948","Raimondo Sacco","laptop","LG","laptop","31.00","R$ 5,706.00","September","176886.00"
"802","Sibelle Bellino","smartphone","LG","smartphone","97.00","R$ 4,466.00","January","433202.00"
"11","Vance Aberhart","laptop","Xiaomi","laptop","43.00","R$ 4,332.00","November","186276.00"
"779","Kathy Jerrand","smartphone","Xiaomi","smartphone","98.00","R$ 924.00","November","90552.00"
"887","Norton Aslen","smartphone","Apple","smartphone","20.00","R$ 2,649.00","September","52980.00"
"803","Dalenna Burburough","laptop","Samsung","laptop","47.00","R$ 6,242.00","April","293374.00"
"372","Vincenty Callander","smartwatch","Sony","smartwatch","70.00","R$ 6,341.00","November","443870.00"
"502","Tremain Christall","laptop","Samsung","laptop","85.00","R$ 968.00","January","82280.00"
"508","Micky Millett","tablet","Samsung","tablet","94.00","R$ 5,582.00","December","524708.00"
"701","Raff Noorwood","smartphone","Sony","smartphone","42.00","R$ 4,858.00","August","204036.00"
"956","Jone Killeen","smartwatch","LG","smartwatch","82.00","R$ 4,976.00","August","408032.00"
"778","Carin Jentet","laptop","Apple","laptop","44.00","R$ 3,478.00","April","153032.00"
"324","Arabela Shillito","smartwatch","Xiaomi","smartwatch","24.00","R$ 7,306.00","April","175344.00"
"793","Balduin Stickells","tablet","Samsung","tablet","90.00","R$ 5,990.00","May","539100.00"
"852","Kamillah Ferraro","laptop","Xiaomi","laptop","67.00","R$ 7,532.00","November","504644.00"
"888","Carmine Farguhar","camera","Samsung","Maquina Fotografica  ","77.00","R$ 1,663.00","March","128051.00"
"381","Gale Persitt","smartphone","Apple","smartphone","55.00","R$ 5,814.00","April","319770.00"
"668","Welbie L'Amie","camera","Apple","Maquina Fotografica  ","14.00","R$ 3,256.00","July","45584.00"
"484","Faustine Devaney","camera","Xiaomi","Maquina Fotografica  ","1.00","R$ 7,718.00","February","7718.00"
"346","Pavel Asquez","smartwatch","Samsung","smartwatch","47.00","R$ 1,891.00","July","88877.00"
"749","Nessy Pesticcio","tablet","LG","tablet","57.00","R$ 7,819.00","July","445683.00"
"385","Nancee Timmermann","smartwatch","Sony","smartwatch","52.00","R$ 6,522.00","June","339144.00"
"629","Lynnelle Mort","camera","Xiaomi","Maquina Fotografica  ","62.00","R$ 4,468.00","February","277016.00"
"683","Mace Povey","camera","Sony","Maquina Fotografica  ","98.00","R$ 7,378.00","May","723044.00"
"446","Rene Gyorffy","laptop","Samsung","laptop","29.00","R$ 2,657.00","January","77053.00"
"620","Caryl Spours","smartphone","Sony","smartphone","53.00","R$ 8,518.00","December","451454.00"
"352","Grissel Blueman","smartwatch","LG","smartwatch","50.00","R$ 1,741.00","October","87050.00"
"751","Fayth Blundon","tablet","Samsung","tablet","66.00","R$ 5,491.00","May","362406.00"
"757","Eolanda Porrett","smartphone","Apple","smartphone","87.00","R$ 9,806.00","November","853122.00"
"114","Maye Torns","smartphone","LG","smartphone","39.00","R$ 1,037.00","May","40443.00"
"445","Delainey Kinnier","tablet","Sony","tablet","1.00","R$ 463.00","September","463.00"
"163","Karry Chorley","laptop","Samsung","laptop","85.00","R$ 8,827.00","February","750295.00"
"152","Georgine Scarre","laptop","Xiaomi","laptop","57.00","R$ 4,262.00","May","242934.00"
"386","Stillman Rickersy","tablet","Samsung","tablet","74.00","R$ 1,071.00","July","79254.00"
"892","Margarette Daulton","laptop","Apple","laptop","64.00","R$ 8,034.00","September","514176.00"
"805","Janella Kennealy","smartwatch","Xiaomi","smartwatch","24.00","R$ 768.00","February","18432.00"
"45","Esther Duddridge","laptop","Sony","laptop","13.00","R$ 1,583.00","January","20579.00"
"148","Prissie Presser","laptop","Sony","laptop","49.00","R$ 5,267.00","March","258083.00"
"979","Phillis Crauford","camera","Xiaomi","Maquina Fotografica  ","100.00","R$ 6,578.00","September","657800.00"
"169","Cullan Ortells","smartwatch","LG","smartwatch","12.00","R$ 7,814.00","July","93768.00"
"794","Winslow Coffey","smartphone","Xiaomi","smartphone","41.00","R$ 5,712.00","February","234192.00"
"903","Emlen Alldridge","camera","LG","Maquina Fotografica  ","82.00","R$ 1,908.00","July","156456.00"
"103","Juan Fielden","smartphone","Sony","smartphone","85.00","R$ 2,019.00","April","171615.00"
"786","Claus Rosenbaum","laptop","LG","laptop","1.00","R$ 1,947.00","September","1947.00"
"654","Townie Give","smartphone","LG","smartphone","39.00","R$ 5,275.00","July","205725.00"
"49","Denice Posse","camera","Samsung","Maquina Fotografica  ","11.00","R$ 7,401.00","August","81411.00"
"347","Laney Hubbert","tablet","Xiaomi","tablet","24.00","R$ 4,586.00","February","110064.00"
"865","Gilbert Hamby","tablet","Apple","tablet","11.00","R$ 8,749.00","September","96239.00"
"416","Ned Pridgeon","tablet","Apple","tablet","51.00","R$ 262.00","August","13362.00"
"188","Larissa Gudgen","laptop","Samsung","laptop","75.00","R$ 1,369.00","June","102675.00"
"128","Darline Fleming","laptop","Xiaomi","laptop","30.00","R$ 239.00","March","7170.00"
"515","Marji Beart","smartphone","Xiaomi","smartphone","64.00","R$ 7,195.00","January","460480.00"
"87","Lilias Unthank","laptop","Samsung","laptop","14.00","R$ 839.00","October","11746.00"
"235","Monica Beale","tablet","Samsung","tablet","10.00","R$ 8,045.00","September","80450.00"
"837","Forrest Flahive","smartphone","Xiaomi","smartphone","73.00","R$ 2,310.00","August","168630.00"
"649","Vanda Dolling","laptop","Apple","laptop","60.00","R$ 7,526.00","June","451560.00"
"704","Valentino Gilling","laptop","Xiaomi","laptop","82.00","R$ 522.00","May","42804.00"
"561","Danni Lamperti","tablet","Apple","tablet","49.00","R$ 9,691.00","June","474859.00"
"761","Theadora Coulthurst","camera","Apple","Maquina Fotografica  ","45.00","R$ 5,841.00","March","262845.00"
"449","Joann Godmar","tablet","Sony","tablet","93.00","R$ 2,206.00","February","205158.00"
"408","Rosette Runge","camera","Sony","Maquina Fotografica  ","46.00","R$ 3,185.00","April","146510.00"
"959","Noella Seage","tablet","Samsung","tablet","97.00","R$ 1,507.00","December","146179.00"
"918","Olimpia Stadding","smartphone","LG","smartphone","62.00","R$ 4,229.00","March","262198.00"
"886","Druci Croom","tablet","Samsung","tablet","84.00","R$ 735.00","February","61740.00"
"363","Marie-ann Aggott","laptop","LG","laptop","34.00","R$ 1,803.00","July","61302.00"
"952","Fayre Devenny","camera","Xiaomi","Maquina Fotografica  ","41.00","R$ 89.00","June","3649.00"
"697","Lovell Cleynaert","camera","Samsung","Maquina Fotografica  ","88.00","R$ 1,963.00","May","172744.00"
"842","Giffer Clarage","camera","Apple","Maquina Fotografica  ","29.00","R$ 232.00","January","6728.00"
"676","Esther Duddridge","smartwatch","Xiaomi","smartwatch","49.00","R$ 3,981.00","November","195069.00"
"366","Prissie Presser","smartwatch","Apple","smartwatch","15.00","R$ 8,574.00","March","128610.00"
"776","Phillis Crauford","smartphone","LG","smartphone","60.00","R$ 188.00","September","11280.00"
"514","Cullan Ortells","laptop","Sony","laptop","48.00","R$ 1,442.00","October","69216.00"
"596","Winslow Coffey","laptop","Sony","laptop","100.00","R$ 4,351.00","August","435100.00"
"571","Emlen Alldridge","camera","LG","Maquina Fotografica  ","40.00","R$ 307.00","June","12280.00"
"118","Juan Fielden","smartphone","LG","smartphone","78.00","R$ 8,067.00","October","629226.00"
"856","Claus Rosenbaum","laptop","LG","laptop","8.00","R$ 5,218.00","September","41744.00"
"612","Townie Give","camera","Xiaomi","Maquina Fotografica  ","23.00","R$ 3,691.00","February","84893.00"
"211","Denice Posse","laptop","LG","laptop","60.00","R$ 9,301.00","September","558060.00"
"937","Laney Hubbert","tablet","Samsung","tablet","10.00","R$ 9,575.00","October","95750.00"
"472","Gilbert Hamby","laptop","Xiaomi","laptop","60.00","R$ 3,368.00","April","202080.00"
"420","Ned Pridgeon","smartwatch","Samsung","smartwatch","1.00","R$ 5,920.00","February","5920.00"
"871","Larissa Gudgen","smartphone","LG","smartphone","68.00","R$ 9,907.00","July","673676.00"
"221","Darline Fleming","smartwatch","LG","smartwatch","28.00","R$ 1,370.00","May","38360.00"
"752","Marji Beart","tablet","Xiaomi","tablet","15.00","R$ 6,617.00","September","99255.00"
"16","Lilias Unthank","tablet","Samsung","tablet","62.00","R$ 7,384.00","October","457808.00"
"32","Monica Beale","camera","Apple","Maquina Fotografica  ","89.00","R$ 8,254.00","December","734606.00"
"150","Forrest Flahive","camera","Xiaomi","Maquina Fotografica  ","3.00","R$ 5,133.00","August","15399.00"
"702","Vanda Dolling","smartphone","Xiaomi","smartphone","99.00","R$ 4,640.00","July","459360.00"
"893","Valentino Gilling","smartphone","Sony","smartphone","39.00","R$ 4,890.00","July","190710.00"
"554","Danni Lamperti","smartphone","Xiaomi","smartphone","4.00","R$ 5,476.00","September","21904.00"
"762","Theadora Coulthurst","smartwatch","Sony","smartwatch","64.00","R$ 3,253.00","June","208192.00"
"362","Joann Godmar","smartphone","Sony","smartphone","55.00","R$ 8,151.00","December","448305.00"
"293","Rosette Runge","laptop","Samsung","laptop","10.00","R$ 7,404.00","October","74040.00"
"178","Noella Seage","smartwatch","Apple","smartwatch","4.00","R$ 3,934.00","March","15736.00"
"139","Olimpia Stadding","smartphone","Apple","smartphone","69.00","R$ 6,312.00","January","435528.00"
"203","Marji Beart","laptop","Apple","laptop","81.00","R$ 1,615.00","October","130815.00"
"868","Lilias Unthank","laptop","Sony","laptop","1.00","R$ 2,019.00","February","2019.00"
"933","Monica Beale","smartphone","Sony","smartphone","56.00","R$ 2,975.00","December","166600.00"
"395","Forrest Flahive","smartphone","Xiaomi","smartphone","14.00","R$ 4,616.00","September","64624.00"
"568","Vanda Dolling","smartwatch","Sony","smartwatch","66.00","R$ 7,672.00","November","506352.00"
"986","Valentino Gilling","camera","Xiaomi","Maquina Fotografica  ","30.00","R$ 4,529.00","August","135870.00"
"996","Danni Lamperti","tablet","LG","tablet","63.00","R$ 5,261.00","January","331443.00"
"816","Theadora Coulthurst","laptop","Apple","laptop","96.00","R$ 8,322.00","December","798912.00"
"845","Joann Godmar","tablet","LG","tablet","87.00","R$ 5,354.00","April","465798.00"
"750","Rosette Runge","laptop","Sony","laptop","53.00","R$ 1,731.00","October","91743.00"
"328","Lori Steinham","camera","Xiaomi","Maquina Fotografica  ","100.00","R$ 4,854.00","August","485400.00"
"443","Trevor Cutts","laptop","Apple","laptop","80.00","R$ 5,100.00","July","408000.00"
"93","Andreana Semour","laptop","Xiaomi","laptop","99.00","R$ 4,635.00","January","458865.00"
"415","Toni Gaiford","tablet","Sony","tablet","57.00","R$ 4,140.00","November","235980.00"
"644","Hadria Cleyne","laptop","Samsung","laptop","70.00","R$ 372.00","May","26040.00"
"413","Andee Geraghty","camera","Sony","Maquina Fotografica  ","32.00","R$ 7,033.00","February","225056.00"
"375","Olimpia McLanaghan","smartphone","Samsung","smartphone","77.00","R$ 3,691.00","September","284207.00"
"368","Bale Benck","smartphone","Sony","smartphone","53.00","R$ 1,664.00","May","88192.00"
"876","Dorris Imbrey","smartwatch","Samsung","smartwatch","14.00","R$ 5,029.00","July","70406.00"
"924","Craggie Binden","smartphone","LG","smartphone","21.00","R$ 4,095.00","November","85995.00"
"533","Raleigh McTear","smartphone","Sony","smartphone","1.00","R$ 7,432.00","August","7432.00"
"889","Alexandros Barwis","laptop","Xiaomi","laptop","47.00","R$ 7,184.00","November","337648.00"
"781","Isacco Stockford","smartphone","Xiaomi","smartphone","4.00","R$ 7,430.00","January","29720.00"
"875","Cecil Gino","laptop","Apple","laptop","70.00","R$ 4,829.00","November","338030.00"
"296","Nicolina Knightley","camera","Sony","Maquina Fotografica  ","47.00","R$ 7,976.00","July","374872.00"
"255","Hazel Velez","camera","Sony","Maquina Fotografica  ","36.00","R$ 5,285.00","October","190260.00"
"503","Evonne Poxton","smartwatch","Samsung","smartwatch","89.00","R$ 8,262.00","January","735318.00"
"383","Karola Matthaus","smartphone","Sony","smartphone","63.00","R$ 8,040.00","October","506520.00"
"982","Margret Lawerence","smartwatch","LG","smartwatch","19.00","R$ 2,382.00","June","45258.00"
"870","Morten Mathelin","smartphone","Apple","smartphone","12.00","R$ 7,993.00","November","95916.00"
"312","Jorie Goodsir","tablet","Samsung","tablet","14.00","R$ 798.00","July","11172.00"
"869","Vladimir Dunrige","camera","Sony","Maquina Fotografica  ","64.00","R$ 9,037.00","June","578368.00"
"680","Carmelia Jankiewicz","laptop","Samsung","laptop","83.00","R$ 8,501.00","March","705583.00"
"995","Kellyann Woodus","smartwatch","Samsung","smartwatch","38.00","R$ 7,898.00","May","300124.00"
"983","Austin Sailer","smartwatch","Samsung","smartwatch","33.00","R$ 2,627.00","March","86691.00"
"695","Armando Saffran","camera","Samsung","Maquina Fotografica  ","54.00","R$ 3,332.00","August","179928.00"
"122","Enrika Crass","camera","LG","Maquina Fotografica  ","50.00","R$ 4,771.00","April","238550.00"
"985","Aaron Gress","smartphone","Xiaomi","smartphone","49.00","R$ 9,409.00","November","461041.00"
"283","Stan Colloby","tablet","Apple","tablet","81.00","R$ 2,134.00","November","172854.00"
"906","Celinda Paszek","smartwatch","Samsung","smartwatch","72.00","R$ 3,079.00","July","221688.00"
"855","Sallyanne Earthfield","laptop","LG","laptop","27.00","R$ 7,754.00","May","209358.00"
"24","Tricia Rumin","smartwatch","Sony","smartwatch","60.00","R$ 2,600.00","January","156000.00"
"532","Kori Haselwood","laptop","Sony","laptop","72.00","R$ 4,546.00","January","327312.00"
"254","Robinson Howton","laptop","Samsung","laptop","48.00","R$ 7,593.00","February","364464.00"
"660","Donielle Castellan","smartphone","Samsung","smartphone","33.00","R$ 1,860.00","November","61380.00"
"53","Pierre Buswell","laptop","Apple","laptop","10.00","R$ 5,018.00","July","50180.00"
"56","Gustie Barok","smartphone","Samsung","smartphone","87.00","R$ 7,170.00","May","623790.00"
"703","Leupold Brugden","smartwatch","Sony","smartwatch","24.00","R$ 1,023.00","June","24552.00"
"731","Jone Killeen","smartwatch","Apple","smartwatch","72.00","R$ 5,551.00","June","399672.00"
"801","Carin Jentet","camera","Apple","Maquina Fotografica  ","16.00","R$ 5,949.00","June","95184.00"
"402","Arabela Shillito","tablet","Xiaomi","tablet","31.00","R$ 8,343.00","June","258633.00"
"768","Balduin Stickells","tablet","Samsung","tablet","31.00","R$ 5,147.00","October","159557.00"
"965","Kamillah Ferraro","smartphone","Xiaomi","smartphone","10.00","R$ 8,967.00","April","89670.00"
"753","Carmine Farguhar","smartwatch","Sony","smartwatch","58.00","R$ 4,888.00","April","283504.00"
"883","Pavel Asquez","tablet","LG","tablet","15.00","R$ 1,718.00","April","25770.00"
"895","Nessy Pesticcio","camera","Apple","Maquina Fotografica  ","71.00","R$ 9,210.00","April","653910.00"
"406","Nancee Timmermann","smartwatch","Sony","smartwatch","88.00","R$ 1,364.00","July","120032.00"
"958","Lynnelle Mort","camera","Apple","Maquina Fotografica  ","39.00","R$ 7,072.00","June","275808.00"
"242","Mace Povey","smartwatch","Xiaomi","smartwatch","22.00","R$ 6,165.00","August","135630.00"
"470","Rene Gyorffy","tablet","Apple","tablet","49.00","R$ 4,991.00","March","244559.00"
"272","Caryl Spours","laptop","Xiaomi","laptop","98.00","R$ 8,129.00","January","796642.00"
"349","Grissel Blueman","laptop","LG","laptop","78.00","R$ 9,271.00","December","723138.00"
"716","Fayth Blundon","smartphone","Apple","smartphone","29.00","R$ 2,913.00","May","84477.00"
"679","Eolanda Porrett","smartphone","Sony","smartphone","50.00","R$ 9,845.00","January","492250.00"
"682","Maye Torns","smartwatch","Sony","smartwatch","72.00","R$ 360.00","March","25920.00"
"978","Delainey Kinnier","camera","Xiaomi","Maquina Fotografica  ","92.00","R$ 5,414.00","September","498088.00"
"382","Karry Chorley","camera","Apple","Maquina Fotografica  ","71.00","R$ 7,275.00","July","516525.00"
"391","Georgine Scarre","smartwatch","Apple","smartwatch","53.00","R$ 1,283.00","January","67999.00"
"461","Stillman Rickersy","tablet","LG","tablet","82.00","R$ 5,810.00","December","476420.00"
"423","Margarette Daulton","camera","Apple","Maquina Fotografica  ","2.00","R$ 5,299.00","August","10598.00"
"319","Janella Kennealy","laptop","LG","laptop","11.00","R$ 540.00","July","5940.00"
"371","Esther Duddridge","tablet","Xiaomi","tablet","81.00","R$ 4,761.00","August","385641.00"
"499","Prissie Presser","smartphone","LG","smartphone","96.00","R$ 4,007.00","June","384672.00"
"90","Phillis Crauford","tablet","Sony","tablet","47.00","R$ 2,485.00","January","116795.00"
"85","Cullan Ortells","smartphone","Xiaomi","smartphone","72.00","R$ 2,267.00","January","163224.00"
"879","Winslow Coffey","laptop","Xiaomi","laptop","53.00","R$ 757.00","February","40121.00"
"458","Emlen Alldridge","tablet","Xiaomi","tablet","43.00","R$ 1,510.00","September","64930.00"
"795","Juan Fielden","smartphone","Apple","smartphone","21.00","R$ 5,244.00","April","110124.00"
"76","Claus Rosenbaum","camera","Samsung","Maquina Fotografica  ","77.00","R$ 2,208.00","December","170016.00"
"151","Townie Give","laptop","Sony","laptop","56.00","R$ 4,487.00","September","251272.00"
"189","Denice Posse","laptop","Samsung","laptop","6.00","R$ 3,742.00","April","22452.00"
"266","Laney Hubbert","smartwatch","Samsung","smartwatch","66.00","R$ 5,901.00","October","389466.00"
"174","Gilbert Hamby","laptop","Xiaomi","laptop","57.00","R$ 7,494.00","May","427158.00"
"336","Ned Pridgeon","smartphone","Xiaomi","smartphone","99.00","R$ 112.00","August","11088.00"
"914","Larissa Gudgen","camera","Xiaomi","Maquina Fotografica  ","45.00","R$ 3,997.00","April","179865.00"
"50","Darline Fleming","tablet","LG","tablet","19.00","R$ 260.00","October","4940.00"
"756","Marji Beart","camera","Sony","Maquina Fotografica  ","13.00","R$ 2,792.00","December","36296.00"
"796","Lilias Unthank","tablet","Samsung","tablet","6.00","R$ 3,132.00","June","18792.00"
"246","Monica Beale","smartphone","LG","smartphone","67.00","R$ 9,359.00","September","627053.00"
"618","Forrest Flahive","camera","Xiaomi","Maquina Fotografica  ","36.00","R$ 6,597.00","October","237492.00"
"326","Vanda Dolling","smartwatch","Apple","smartwatch","18.00","R$ 982.00","January","17676.00"
"233","Valentino Gilling","camera","Apple","Maquina Fotografica  ","50.00","R$ 5,549.00","May","277450.00"
"369","Danni Lamperti","tablet","LG","tablet","18.00","R$ 1,970.00","January","35460.00"
"832","Theadora Coulthurst","laptop","Apple","laptop","91.00","R$ 4,468.00","February","406588.00"
"613","Joann Godmar","smartphone","Sony","smartphone","56.00","R$ 2,556.00","February","143136.00"
"603","Rosette Runge","smartwatch","LG","smartwatch","88.00","R$ 9,992.00","September","879296.00"
"21","Noella Seage","smartwatch","Samsung","smartwatch","75.00","R$ 760.00","August","57000.00"
"288","Olimpia Stadding","camera","Apple","Maquina Fotografica  ","75.00","R$ 7,878.00","September","590850.00"
"313","Druci Croom","tablet","Samsung","tablet","11.00","R$ 7,604.00","March","83644.00"
"249","Marie-ann Aggott","camera","LG","Maquina Fotografica  ","80.00","R$ 1,923.00","May","153840.00"
"271","Fayre Devenny","smartphone","Sony","smartphone","36.00","R$ 8,699.00","June","313164.00"
"259","Lovell Cleynaert","smartwatch","Samsung","smartwatch","91.00","R$ 5,853.00","April","532623.00"
"492","Giffer Clarage","smartphone","Sony","smartphone","38.00","R$ 4,772.00","April","181336.00"
"790","Marie-ann Aggott","camera","Apple","Maquina Fotografica  ","57.00","R$ 6,833.00","January","389481.00"
"822","Drusi Markova","smartwatch","Xiaomi","smartwatch","24.00","R$ 4,482.00","November","107568.00"
"307","Reinaldos Szymanzyk","smartwatch","LG","smartwatch","29.00","R$ 7,947.00","November","230463.00"
"938","Rudy Plunkett","smartwatch","Samsung","smartwatch","39.00","R$ 3,187.00","September","124293.00"
"890","Lev Colliber","laptop","Apple","laptop","48.00","R$ 4,365.00","June","209520.00"
"121","Jordain Febry","smartwatch","Sony","smartwatch","34.00","R$ 3,940.00","April","133960.00"
"872","Jeddy Meni","tablet","Samsung","tablet","3.00","R$ 4,414.00","November","13242.00"
"742","Lori Steinham","laptop","Xiaomi","laptop","96.00","R$ 8,106.00","November","778176.00"
"115","Trevor Cutts","smartphone","LG","smartphone","50.00","R$ 5,297.00","February","264850.00"
"37","Andreana Semour","smartwatch","Apple","smartwatch","72.00","R$ 9,625.00","February","693000.00"
"891","Toni Gaiford","smartwatch","Apple","smartwatch","97.00","R$ 9,509.00","July","922373.00"
"184","Hadria Cleyne","smartphone","Sony","smartphone","5.00","R$ 5,253.00","April","26265.00"
"935","Andee Geraghty","laptop","Xiaomi","laptop","94.00","R$ 207.00","June","19458.00"
"957","Olimpia McLanaghan","camera","Xiaomi","Maquina Fotografica  ","55.00","R$ 7,029.00","May","386595.00"
"673","Bale Benck","smartphone","Sony","smartphone","68.00","R$ 6,013.00","January","408884.00"
"92","Dorris Imbrey","smartphone","Apple","smartphone","91.00","R$ 4,025.00","July","366275.00"
"36","Craggie Binden","smartphone","Sony","smartphone","99.00","R$ 5,101.00","April","504999.00"
"112","Raleigh McTear","laptop","Sony","laptop","27.00","R$ 1,077.00","December","29079.00"
"707","Alexandros Barwis","smartphone","Sony","smartphone","9.00","R$ 8,482.00","October","76338.00"
"186","Isacco Stockford","smartphone","Xiaomi","smartphone","71.00","R$ 9,849.00","July","699279.00"
"168","Cecil Gino","smartphone","LG","smartphone","7.00","R$ 1,179.00","August","8253.00"
"688","Nicolina Knightley","smartphone","Apple","smartphone","81.00","R$ 6,807.00","June","551367.00"
"77","Hazel Velez","smartwatch","Sony","smartwatch","22.00","R$ 5,014.00","October","110308.00"
"88","Evonne Poxton","tablet","Apple","tablet","63.00","R$ 3,363.00","April","211869.00"
"232","Karola Matthaus","smartphone","Apple","smartphone","43.00","R$ 9,161.00","January","393923.00"
"412","Margret Lawerence","smartphone","LG","smartphone","56.00","R$ 777.00","January","43512.00"
"807","Morten Mathelin","tablet","Samsung","tablet","11.00","R$ 2,132.00","October","23452.00"
"813","Jorie Goodsir","smartphone","LG","smartphone","4.00","R$ 9,057.00","July","36228.00"
"228","Vladimir Dunrige","tablet","Sony","tablet","79.00","R$ 2,929.00","August","231391.00"
"847","Nicola Jarrelt","tablet","Samsung","tablet","31.00","R$ 5,784.00","November","179304.00"
"258","Sibylle Oswell","laptop","Samsung","laptop","63.00","R$ 3,539.00","May","222957.00"
"743","Mickey Sherwyn","smartphone","Apple","smartphone","39.00","R$ 6,950.00","March","271050.00"
"593","Ezmeralda McCurtin","laptop","Sony","laptop","26.00","R$ 2,395.00","May","62270.00"
"110","Egor Blackburn","tablet","LG","tablet","29.00","R$ 1,216.00","April","35264.00"
"819","Nikola Pulver","laptop","Xiaomi","laptop","3.00","R$ 5,967.00","March","17901.00"
"708","Darsie Banke","tablet","Samsung","tablet","54.00","R$ 7,494.00","April","404676.00"
"841","Jocelyn Strover","camera","Xiaomi","Maquina Fotografica  ","49.00","R$ 396.00","February","19404.00"
"558","Philip O' Flaherty","laptop","Xiaomi","laptop","14.00","R$ 4,389.00","December","61446.00"
"237","Cathi Tootin","smartwatch","LG","smartwatch","46.00","R$ 3,777.00","January","173742.00"
"285","Madel Potbury","laptop","LG","laptop","60.00","R$ 4,896.00","February","293760.00"
"880","Anitra Lounds","smartwatch","Xiaomi","smartwatch","55.00","R$ 2,240.00","April","123200.00"
"161","Josefina Benardeau","laptop","Apple","laptop","13.00","R$ 4,779.00","October","62127.00"
"662","Roda Ioan","smartphone","Samsung","smartphone","82.00","R$ 8,230.00","May","674860.00"
"655","Tanhya Waine","camera","Sony","Maquina Fotografica  ","7.00","R$ 9,307.00","August","65149.00"
"306","Leonid Van Salzberger","tablet","Sony","tablet","6.00","R$ 8,662.00","October","51972.00"
"782","Merrill Lowis","tablet","Apple","tablet","55.00","R$ 5,104.00","October","280720.00"
"244","Wylie Tomasik","laptop","Xiaomi","laptop","80.00","R$ 2,405.00","November","192400.00"
"989","Michelle Wathey","smartwatch","Samsung","smartwatch","40.00","R$ 4,954.00","September","198160.00"
"5","Gerhard Swallow","smartwatch","Xiaomi","smartwatch","89.00","R$ 6,805.00","July","605645.00"
"418","Nomi Lie","laptop","Sony","laptop","86.00","R$ 622.00","August","53492.00"
"564","Norris Netley","laptop","Samsung","laptop","42.00","R$ 4,915.00","June","206430.00"
"579","Sheeree Fetter","smartwatch","Samsung","smartwatch","41.00","R$ 6,880.00","September","282080.00"
"311","Sheela Ferreli","laptop","Samsung","laptop","29.00","R$ 6,738.00","April","195402.00"
"915","Shannon Zanni","camera","Apple","Maquina Fotografica  ","1.00","R$ 915.00","August","915.00"
"542","Humbert Weddell","smartphone","Apple","smartphone","11.00","R$ 3,660.00","April","40260.00"
"195","Casandra Ponde","smartwatch","Apple","smartwatch","33.00","R$ 1,693.00","March","55869.00"
"180","Kelly Banbrick","camera","LG","Maquina Fotografica  ","82.00","R$ 9,731.00","November","797942.00"
"301","Griz Feetham","tablet","Xiaomi","tablet","20.00","R$ 2,031.00","September","40620.00"
"154","Lance Kliemchen","smartphone","Apple","smartphone","78.00","R$ 8,658.00","February","675324.00"
"699","Millisent Orrom","smartwatch","Sony","smartwatch","54.00","R$ 1,246.00","November","67284.00"
"860","Maegan Presnail","laptop","Samsung","laptop","49.00","R$ 4,782.00","April","234318.00"
"747","Wyn Heliet","camera","Apple","Maquina Fotografica  ","29.00","R$ 1,572.00","June","45588.00"
"10","Lauraine Windsor","smartphone","LG","smartphone","19.00","R$ 5,435.00","April","103265.00"
"580","Zola O'Devey","tablet","Apple","tablet","11.00","R$ 9,079.00","May","99869.00"
"769","Lissi Efford","camera","Xiaomi","Maquina Fotografica  ","96.00","R$ 1,667.00","July","160032.00"
"89","Bendicty Jacomb","camera","LG","Maquina Fotografica  ","29.00","R$ 8,869.00","August","257201.00"
"498","Agustin De Gregario","smartphone","Xiaomi","smartphone","32.00","R$ 1,597.00","February","51104.00"
"967","Filberto Smorfit","smartphone","LG","smartphone","72.00","R$ 3,312.00","March","238464.00"
"517","Mari Hain","smartwatch","Samsung","smartwatch","58.00","R$ 8,582.00","November","497756.00"
"230","Orran Sparham","smartwatch","Apple","smartwatch","3.00","R$ 7,727.00","May","23181.00"
"302","Carmelia Jankiewicz","camera","LG","Maquina Fotografica  ","83.00","R$ 4,709.00","December","390847.00"
"625","Kellyann Woodus","smartphone","Xiaomi","smartphone","63.00","R$ 5,512.00","September","347256.00"
"929","Austin Sailer","tablet","Apple","tablet","100.00","R$ 4,290.00","August","429000.00"
"2","Armando Saffran","laptop","Xiaomi","laptop","58.00","R$ 1,787.00","November","103646.00"
"444","Enrika Crass","smartwatch","Sony","smartwatch","73.00","R$ 3,008.00","June","219584.00"
"31","Aaron Gress","smartwatch","Samsung","smartwatch","94.00","R$ 2,063.00","August","193922.00"
"916","Stan Colloby","camera","Samsung","Maquina Fotografica  ","25.00","R$ 4,994.00","May","124850.00"
"874","Celinda Paszek","camera","Apple","Maquina Fotografica  ","81.00","R$ 2,856.00","February","231336.00"
"771","Sallyanne Earthfield","tablet","Sony","tablet","64.00","R$ 3,440.00","February","220160.00"
"968","Tricia Rumin","smartphone","Samsung","smartphone","24.00","R$ 3,874.00","March","92976.00"
"940","Kori Haselwood","camera","Samsung","Maquina Fotografica  ","12.00","R$ 1,380.00","June","16560.00"
"520","Robinson Howton","laptop","Samsung","laptop","68.00","R$ 245.00","August","16660.00"
"238","Donielle Castellan","camera","Apple","Maquina Fotografica  ","31.00","R$ 3,074.00","January","95294.00"
"585","Pierre Buswell","smartwatch","Sony","smartwatch","67.00","R$ 1,228.00","March","82276.00"
"811","Gustie Barok","tablet","Samsung","tablet","96.00","R$ 6,902.00","April","662592.00"
"1","Leupold Brugden","camera","Sony","Maquina Fotografica  ","39.00","R$ 8,231.00","February","321009.00"
"181","Gaby Kerfoot","tablet","Samsung","tablet","31.00","R$ 2,698.00","February","83638.00"
"476","Mirabella Andrassy","laptop","Apple","laptop","16.00","R$ 6,688.00","January","107008.00"
"357","Odella Vanetti","camera","Sony","Maquina Fotografica  ","47.00","R$ 2,129.00","October","100063.00"
"303","Willi Roulston","camera","LG","Maquina Fotografica  ","73.00","R$ 8,231.00","August","600863.00"
"970","Babara Niche","laptop","Sony","laptop","41.00","R$ 1,140.00","September","46740.00"
"693","Manfred Firmage","tablet","LG","tablet","25.00","R$ 7,248.00","February","181200.00"
"404","Tony Reavey","camera","Apple","Maquina Fotografica  ","34.00","R$ 5,576.00","June","189584.00"
"94","Anatollo Kennford","laptop","Samsung","laptop","86.00","R$ 9,710.00","September","835060.00"
"344","Teddie Placidi","laptop","Apple","laptop","37.00","R$ 3,268.00","September","120916.00"
"39","Ambrosi Fuchs","smartphone","Samsung","smartphone","69.00","R$ 2,313.00","August","159597.00"
"330","Marion Booi","smartwatch","LG","smartwatch","41.00","R$ 7,196.00","July","295036.00"
"171","Brenn Spancock","smartphone","LG","smartphone","37.00","R$ 7,223.00","September","267251.00"
"23","Louella Grayham","smartwatch","Xiaomi","smartwatch","40.00","R$ 1,751.00","September","70040.00"
"881","Joseph Alker","camera","Apple","Maquina Fotografica  ","91.00","R$ 6,072.00","July","552552.00"
"949","Frasquito Bussons","smartwatch","Samsung","smartwatch","100.00","R$ 2,728.00","December","272800.00"
"772","Payton Chappelle","smartphone","Xiaomi","smartphone","85.00","R$ 6,950.00","September","590750.00"
"567","Osborne Stenson","camera","Apple","Maquina Fotografica  ","97.00","R$ 8,727.00","January","846519.00"
"897","Payton Petlyura","smartphone","LG","smartphone","11.00","R$ 1,734.00","December","19074.00"
"17","Matias Ley","smartphone","Sony","smartphone","11.00","R$ 8,429.00","August","92719.00"
"97","Dacie Jacke","laptop","Samsung","laptop","15.00","R$ 445.00","May","6675.00"
"615","Lionello Slamaker","camera","Xiaomi","Maquina Fotografica  ","7.00","R$ 7,734.00","May","54138.00"
"113","Suellen Hartropp","camera","LG","Maquina Fotografica  ","65.00","R$ 5,455.00","September","354575.00"
"926","Ilse Wigfield","smartwatch","Samsung","smartwatch","18.00","R$ 775.00","July","13950.00"
"425","Gavin Solway","laptop","Xiaomi","laptop","39.00","R$ 7,931.00","September","309309.00"
"528","Glen Scad","smartphone","LG","smartphone","59.00","R$ 1,137.00","January","67083.00"
"183","Ava Veldman","smartwatch","Sony","smartwatch","87.00","R$ 7,676.00","April","667812.00"
"28","Saunderson MacMechan","smartwatch","Sony","smartwatch","43.00","R$ 8,703.00","August","374229.00"
"732","Linnie Janosevic","smartphone","Apple","smartphone","45.00","R$ 6,341.00","November","285345.00"
"410","Adolphus Cabrer","smartphone","Sony","smartphone","26.00","R$ 3,586.00","November","93236.00"
"440","Darbie Pickhaver","camera","Sony","Maquina Fotografica  ","27.00","R$ 6,695.00","January","180765.00"
"951","Hanna Gherardelli","smartwatch","Samsung","smartwatch","80.00","R$ 2,016.00","September","161280.00"
"486","Jenilee Youngs","camera","Samsung","Maquina Fotografica  ","60.00","R$ 9,405.00","July","564300.00"
"738","Camala Willmot","smartphone","Samsung","smartphone","52.00","R$ 3,746.00","June","194792.00"
"452","Priscilla De la Harpe","smartwatch","LG","smartwatch","93.00","R$ 3,534.00","October","328662.00"
"321","Meredeth Irdale","laptop","Sony","laptop","70.00","R$ 8,190.00","June","573300.00"
"424","Caril Turbayne","smartphone","Sony","smartphone","46.00","R$ 8,788.00","November","404248.00"
"936","Borg Gregoriou","camera","Samsung","Maquina Fotografica  ","71.00","R$ 1,346.00","June","95566.00"
"262","Moises Gorvin","camera","Samsung","Maquina Fotografica  ","72.00","R$ 3,190.00","January","229680.00"
"95","Dimitry Station","smartwatch","Apple","smartwatch","44.00","R$ 1,444.00","May","63536.00"
"531","Kirby Thornton-Dewhirst","laptop","Samsung","laptop","45.00","R$ 1,307.00","June","58815.00"
"482","Edvard Treamayne","tablet","Apple","tablet","18.00","R$ 9,486.00","April","170748.00"
"627","Tammara Bernetti","camera","LG","Maquina Fotografica  ","7.00","R$ 6,284.00","June","43988.00"
"8","Leelah Bernardet","camera","Samsung","Maquina Fotografica  ","95.00","R$ 3,929.00","October","373255.00"
"637","Ainslie Mattingly","camera","Xiaomi","Maquina Fotografica  ","91.00","R$ 69.00","December","6279.00"
"939","Shawn Gossington","camera","Sony","Maquina Fotografica  ","50.00","R$ 8,529.00","November","426450.00"
"538","Trenton Mahoney","laptop","Apple","laptop","33.00","R$ 486.00","April","16038.00"
"591","Ardella Aitkin","smartphone","Sony","smartphone","15.00","R$ 5,985.00","July","89775.00"
"315","Raimondo Sacco","tablet","Xiaomi","tablet","23.00","R$ 5,764.00","February","132572.00"
"694","Sibelle Bellino","smartwatch","Samsung","smartwatch","93.00","R$ 9,346.00","May","869178.00"
"173","Vance Aberhart","laptop","LG","laptop","31.00","R$ 5,479.00","September","169849.00"
"457","Kathy Jerrand","smartphone","Sony","smartphone","88.00","R$ 744.00","October","65472.00"
"675","Norton Aslen","laptop","LG","laptop","45.00","R$ 2,913.00","January","131085.00"
"997","Dalenna Burburough","smartwatch","Xiaomi","smartwatch","99.00","R$ 263.00","March","26037.00"
"389","Vincenty Callander","smartphone","Samsung","smartphone","39.00","R$ 426.00","August","16614.00"
"190","Tremain Christall","smartphone","LG","smartphone","16.00","R$ 8,931.00","November","142896.00"
"167","Micky Millett","smartwatch","LG","smartwatch","85.00","R$ 8,483.00","December","721055.00"
"185","Raff Noorwood","laptop","Xiaomi","laptop","18.00","R$ 1,709.00","January","30762.00"
"323","Jone Killeen","smartphone","Xiaomi","smartphone","26.00","R$ 2,659.00","December","69134.00"
"438","Carin Jentet","tablet","Apple","tablet","19.00","R$ 959.00","January","18221.00"
"808","Arabela Shillito","smartphone","Apple","smartphone","88.00","R$ 8,081.00","October","711128.00"
"18","Balduin Stickells","tablet","Sony","tablet","60.00","R$ 7,167.00","May","430020.00"
"798","Kamillah Ferraro","laptop","LG","laptop","22.00","R$ 1,085.00","January","23870.00"
"912","Carmine Farguhar","laptop","Apple","laptop","79.00","R$ 39.00","August","3081.00"
"600","Gale Persitt","smartphone","Sony","smartphone","22.00","R$ 8,756.00","June","192632.00"
"414","Welbie L'Amie","camera","Xiaomi","Maquina Fotografica  ","34.00","R$ 6,659.00","July","226406.00"
"582","Faustine Devaney","laptop","Samsung","laptop","43.00","R$ 8,357.00","January","359351.00"
"828","Pavel Asquez","smartphone","Apple","smartphone","58.00","R$ 532.00","March","30856.00"
"22","Nessy Pesticcio","camera","Samsung","Maquina Fotografica  ","74.00","R$ 3,939.00","July","291486.00"
"305","Nancee Timmermann","camera","LG","Maquina Fotografica  ","38.00","R$ 9,252.00","June","351576.00"
"3","Lynnelle Mort","camera","Xiaomi","Maquina Fotografica  ","11.00","R$ 7,269.00","September","79959.00"
"927","Mace Povey","smartwatch","Samsung","smartwatch","54.00","R$ 5,793.00","February","312822.00"
"663","Rene Gyorffy","smartwatch","Sony","smartwatch","58.00","R$ 5,104.00","May","296032.00"
"411","Caryl Spours","smartwatch","Sony","smartwatch","46.00","R$ 3,083.00","February","141818.00"
"714","Grissel Blueman","laptop","Xiaomi","laptop","63.00","R$ 4,985.00","July","314055.00"
"552","Fayth Blundon","tablet","Sony","tablet","60.00","R$ 9,810.00","May","588600.00"
"282","Eolanda Porrett","smartwatch","Xiaomi","smartwatch","90.00","R$ 254.00","January","22860.00"
"524","Maye Torns","smartwatch","Xiaomi","smartwatch","94.00","R$ 5,653.00","February","531382.00"
"722","Delainey Kinnier","smartphone","Sony","smartphone","39.00","R$ 311.00","March","12129.00"
"910","Karry Chorley","smartphone","LG","smartphone","47.00","R$ 5,783.00","August","271801.00"
"857","Georgine Scarre","laptop","Xiaomi","laptop","97.00","R$ 6,860.00","November","665420.00"
"240","Stillman Rickersy","laptop","Apple","laptop","46.00","R$ 2,180.00","February","100280.00"
"877","Margarette Daulton","smartphone","Samsung","smartphone","39.00","R$ 5,306.00","February","206934.00"
"71","Janella Kennealy","smartwatch","LG","smartwatch","11.00","R$ 8,708.00","March","95788.00"
"348","Esther Duddridge","smartwatch","Xiaomi","smartwatch","1.00","R$ 9,010.00","November","9010.00"
"475","Prissie Presser","tablet","Sony","tablet","62.00","R$ 9,897.00","November","613614.00"
"687","Phillis Crauford","smartwatch","LG","smartwatch","46.00","R$ 2,071.00","January","95266.00"
"866","Cullan Ortells","laptop","Xiaomi","laptop","51.00","R$ 8,290.00","August","422790.00"
"220","Winslow Coffey","laptop","Sony","laptop","56.00","R$ 9,855.00","January","551880.00"
"800","Emlen Alldridge","smartphone","Samsung","smartphone","59.00","R$ 236.00","June","13924.00"
"994","Juan Fielden","smartwatch","Sony","smartwatch","37.00","R$ 5,089.00","February","188293.00"
"239","Claus Rosenbaum","smartphone","Apple","smartphone","7.00","R$ 141.00","February","987.00"
"442","Townie Give","smartphone","LG","smartphone","7.00","R$ 4,897.00","February","34279.00"
"557","Denice Posse","smartphone","Xiaomi","smartphone","67.00","R$ 7,111.00","May","476437.00"
"854","Laney Hubbert","laptop","LG","laptop","20.00","R$ 647.00","August","12940.00"
"606","Gilbert Hamby","tablet","Xiaomi","tablet","97.00","R$ 4,651.00","October","451147.00"
"227","Ned Pridgeon","camera","Xiaomi","Maquina Fotografica  ","49.00","R$ 2,671.00","April","130879.00"
"27","Larissa Gudgen","laptop","Apple","laptop","64.00","R$ 5,382.00","March","344448.00"
"231","Darline Fleming","smartwatch","Xiaomi","smartwatch","80.00","R$ 307.00","July","24560.00"
"373","Marji Beart","laptop","Xiaomi","laptop","44.00","R$ 7,623.00","August","335412.00"
"551","Lilias Unthank","smartwatch","Apple","smartwatch","49.00","R$ 6,489.00","June","317961.00"
"907","Monica Beale","laptop","Sony","laptop","49.00","R$ 452.00","August","22148.00"
"224","Forrest Flahive","smartphone","Samsung","smartphone","40.00","R$ 6,376.00","July","255040.00"
"226","Vanda Dolling","smartwatch","LG","smartwatch","75.00","R$ 9,710.00","January","728250.00"
"81","Valentino Gilling","camera","Sony","Maquina Fotografica  ","52.00","R$ 6,630.00","December","344760.00"
"269","Danni Lamperti","smartphone","Apple","smartphone","48.00","R$ 8,195.00","December","393360.00"
"653","Theadora Coulthurst","tablet","Samsung","tablet","7.00","R$ 8,641.00","May","60487.00"
"669","Joann Godmar","smartphone","Samsung","smartphone","93.00","R$ 5,758.00","October","535494.00"
"583","Rosette Runge","laptop","Apple","laptop","46.00","R$ 9,408.00","March","432768.00"
"126","Noella Seage","smartphone","Sony","smartphone","39.00","R$ 5,027.00","October","196053.00"
"545","Olimpia Stadding","smartwatch","LG","smartwatch","40.00","R$ 3,037.00","February","121480.00"
"454","Druci Croom","tablet","Sony","tablet","88.00","R$ 4,127.00","February","363176.00"
"83","Marie-ann Aggott","smartphone","Xiaomi","smartphone","76.00","R$ 4,215.00","September","320340.00"
"504","Fayre Devenny","smartwatch","Xiaomi","smartwatch","16.00","R$ 2,792.00","February","44672.00"
"645","Lovell Cleynaert","camera","Sony","Maquina Fotografica  ","92.00","R$ 296.00","February","27232.00"
"485","Mace Povey","smartphone","LG","smartphone","57.00","R$ 6,717.00","November","382869.00"
"194","Rene Gyorffy","laptop","LG","laptop","29.00","R$ 7,362.00","February","213498.00"
"388","Caryl Spours","smartwatch","LG","smartwatch","63.00","R$ 5,586.00","October","351918.00"
"132","Grissel Blueman","smartwatch","Xiaomi","smartwatch","26.00","R$ 7,076.00","October","183976.00"
"744","Fayth Blundon","smartwatch","Apple","smartwatch","7.00","R$ 5,082.00","January","35574.00"
"797","Eolanda Porrett","smartphone","Samsung","smartphone","15.00","R$ 5,717.00","October","85755.00"
"247","Maye Torns","laptop","Sony","laptop","64.00","R$ 474.00","January","30336.00"
"295","Delainey Kinnier","tablet","Samsung","tablet","15.00","R$ 9,782.00","November","146730.00"
"859","Karry Chorley","camera","Samsung","Maquina Fotografica  ","34.00","R$ 1,941.00","March","65994.00"
"754","Craggie Binden","smartphone","Xiaomi","smartphone","33.00","R$ 594.00","May","19602.00"
"820","Raleigh McTear","laptop","Apple","laptop","18.00","R$ 2,349.00","June","42282.00"
"129","Alexandros Barwis","camera","LG","Maquina Fotografica  ","29.00","R$ 8,996.00","January","260884.00"
"78","Isacco Stockford","smartphone","LG","smartphone","41.00","R$ 947.00","November","38827.00"
"355","Cecil Gino","camera","Xiaomi","Maquina Fotografica  ","19.00","R$ 6,874.00","February","130606.00"
"261","Nicolina Knightley","camera","Apple","Maquina Fotografica  ","20.00","R$ 8,904.00","September","178080.00"
"140","Hazel Velez","tablet","Sony","tablet","91.00","R$ 2,016.00","December","183456.00"
"400","Evonne Poxton","smartphone","Samsung","smartphone","49.00","R$ 9,639.00","April","472311.00"
"518","Karola Matthaus","smartphone","Xiaomi","smartphone","35.00","R$ 8,510.00","February","297850.00"
"535","Margret Lawerence","smartwatch","LG","smartwatch","59.00","R$ 2,832.00","July","167088.00"
"26","Morten Mathelin","tablet","Sony","tablet","2.00","R$ 666.00","February","1332.00"
"560","Jorie Goodsir","smartphone","Sony","smartphone","33.00","R$ 7,780.00","April","256740.00"
"511","Vladimir Dunrige","tablet","Xiaomi","tablet","50.00","R$ 8,566.00","November","428300.00"
"204","Nicola Jarrelt","laptop","LG","laptop","39.00","R$ 8,717.00","August","339963.00"
"459","Sibylle Oswell","laptop","Apple","laptop","5.00","R$ 6,570.00","April","32850.00"
"497","Mickey Sherwyn","smartphone","LG","smartphone","5.00","R$ 4,987.00","March","24935.00"
"962","Ezmeralda McCurtin","smartwatch","LG","smartwatch","32.00","R$ 918.00","May","29376.00"
"953","Egor Blackburn","tablet","Samsung","tablet","73.00","R$ 2,177.00","April","158921.00"
"281","Nikola Pulver","camera","LG","Maquina Fotografica  ","95.00","R$ 5,506.00","June","523070.00"
"13","Darsie Banke","smartwatch","Xiaomi","smartwatch","13.00","R$ 4,588.00","February","59644.00"
"550","Jocelyn Strover","tablet","Xiaomi","tablet","47.00","R$ 9,766.00","January","459002.00"
"867","Philip O' Flaherty","camera","Samsung","Maquina Fotografica  ","1.00","R$ 4,612.00","June","4612.00"
"640","Cathi Tootin","laptop","Apple","laptop","64.00","R$ 3,712.00","April","237568.00"
"589","Madel Potbury","smartwatch","Samsung","smartwatch","42.00","R$ 7,766.00","December","326172.00"
"206","Anitra Lounds","smartwatch","Apple","smartwatch","78.00","R$ 9,368.00","April","730704.00"
"639","Josefina Benardeau","smartphone","LG","smartphone","14.00","R$ 207.00","November","2898.00"
"656","Roda Ioan","camera","LG","Maquina Fotografica  ","32.00","R$ 3,160.00","August","101120.00"
"107","Tanhya Waine","smartphone","Samsung","smartphone","35.00","R$ 7,815.00","July","273525.00"
"264","Leonid Van Salzberger","laptop","Sony","laptop","41.00","R$ 3,678.00","September","150798.00"
"236","Merrill Lowis","laptop","Xiaomi","laptop","32.00","R$ 8,325.00","July","266400.00"
"345","Wylie Tomasik","tablet","LG","tablet","16.00","R$ 6,493.00","July","103888.00"
"526","Michelle Wathey","laptop","LG","laptop","34.00","R$ 4,598.00","February","156332.00"
"998","Gerhard Swallow","camera","Sony","Maquina Fotografica  ","51.00","R$ 4,795.00","May","244545.00"
"884","Nomi Lie","laptop","Samsung","laptop","4.00","R$ 2,850.00","August","11400.00"
"198","Norris Netley","camera","Apple","Maquina Fotografica  ","21.00","R$ 4,436.00","October","93156.00"
"658","Sheeree Fetter","tablet","Apple","tablet","85.00","R$ 7,251.00","January","616335.00"
"665","Sheela Ferreli","tablet","Sony","tablet","60.00","R$ 68.00","January","4080.00"
"460","Shannon Zanni","smartwatch","Sony","smartwatch","19.00","R$ 4,664.00","February","88616.00"
"574","Humbert Weddell","smartwatch","LG","smartwatch","14.00","R$ 316.00","October","4424.00"
"838","Casandra Ponde","tablet","LG","tablet","93.00","R$ 9,692.00","March","901356.00"
"972","Kelly Banbrick","tablet","Samsung","tablet","61.00","R$ 4,117.00","October","251137.00"
"491","Griz Feetham","smartphone","LG","smartphone","9.00","R$ 249.00","October","2241.00"
"804","Lance Kliemchen","smartwatch","Xiaomi","smartwatch","32.00","R$ 4,738.00","February","151616.00"
"341","Millisent Orrom","laptop","Sony","laptop","73.00","R$ 6,240.00","August","455520.00"
"573","Maegan Presnail","laptop","Apple","laptop","80.00","R$ 7,353.00","January","588240.00"
"992","Wyn Heliet","camera","Apple","Maquina Fotografica  ","39.00","R$ 7,096.00","August","276744.00"
"353","Lauraine Windsor","camera","Sony","Maquina Fotografica  ","65.00","R$ 7,451.00","December","484315.00"
"91","Zola O'Devey","laptop","Sony","laptop","43.00","R$ 9,627.00","January","413961.00"
"943","Lissi Efford","smartphone","Samsung","smartphone","10.00","R$ 9,417.00","May","94170.00"
"192","Bendicty Jacomb","tablet","Samsung","tablet","67.00","R$ 4,527.00","December","303309.00"
"124","Agustin De Gregario","tablet","LG","tablet","7.00","R$ 6,611.00","January","46277.00"
"350","Filberto Smorfit","laptop","Samsung","laptop","69.00","R$ 9,343.00","January","644667.00"
"322","Mari Hain","smartphone","Apple","smartphone","98.00","R$ 708.00","August","69384.00"
"478","Leupold Brugden","laptop","LG","laptop","46.00","R$ 6,811.00","November","313306.00"
"556","Gaby Kerfoot","smartwatch","Apple","smartwatch","37.00","R$ 6,959.00","April","257483.00"
"760","Mirabella Andrassy","camera","Xiaomi","Maquina Fotografica  ","28.00","R$ 2,729.00","August","76412.00"
"374","Odella Vanetti","smartphone","Samsung","smartphone","58.00","R$ 4,331.00","October","251198.00"
"149","Willi Roulston","smartphone","Samsung","smartphone","50.00","R$ 7,156.00","November","357800.00"
"705","Babara Niche","laptop","LG","laptop","51.00","R$ 2,192.00","May","111792.00"
"494","Manfred Firmage","camera","LG","Maquina Fotografica  ","18.00","R$ 6,077.00","April","109386.00"
"963","Tony Reavey","camera","Xiaomi","Maquina Fotografica  ","26.00","R$ 167.00","February","4342.00"
"51","Reinaldos Szymanzyk","smartwatch","Xiaomi","smartwatch","91.00","R$ 482.00","August","43862.00"
"534","Rudy Plunkett","tablet","Apple","tablet","39.00","R$ 4,715.00","September","183885.00"
"96","Lev Colliber","tablet","LG","tablet","57.00","R$ 7,622.00","April","434454.00"
"159","Jordain Febry","camera","Sony","Maquina Fotografica  ","38.00","R$ 4,473.00","March","169974.00"
"47","Jeddy Meni","smartphone","Apple","smartphone","81.00","R$ 9,534.00","May","772254.00"
"787","Lori Steinham","smartphone","LG","smartphone","49.00","R$ 9,943.00","January","487207.00"
"840","Trevor Cutts","tablet","Apple","tablet","6.00","R$ 3,897.00","December","23382.00"
"102","Andreana Semour","laptop","Samsung","laptop","90.00","R$ 8,702.00","December","783180.00"
"677","Toni Gaiford","laptop","LG","laptop","66.00","R$ 8,963.00","February","591558.00"
"48","Hadria Cleyne","laptop","Xiaomi","laptop","34.00","R$ 2,371.00","November","80614.00"
"848","Andee Geraghty","smartwatch","Samsung","smartwatch","79.00","R$ 6,228.00","October","492012.00"
"292","Olimpia McLanaghan","laptop","Sony","laptop","78.00","R$ 9,410.00","April","733980.00"
"155","Bale Benck","laptop","Apple","laptop","88.00","R$ 3,557.00","September","313016.00"
"370","Dorris Imbrey","smartphone","LG","smartphone","2.00","R$ 548.00","January","1096.00"
"137","Craggie Binden","tablet","LG","tablet","77.00","R$ 4,648.00","September","357896.00"
"54","Raleigh McTear","smartwatch","LG","smartwatch","52.00","R$ 7,211.00","November","374972.00"
"40","Alexandros Barwis","smartphone","LG","smartphone","26.00","R$ 6,743.00","January","175318.00"
"456","Isacco Stockford","smartwatch","LG","smartwatch","14.00","R$ 502.00","January","7028.00"
"844","Cecil Gino","camera","Samsung","Maquina Fotografica  ","67.00","R$ 6,230.00","April","417410.00"
"12","Nicolina Knightley","smartwatch","Sony","smartwatch","41.00","R$ 3,009.00","March","123369.00"
"436","Hazel Velez","smartwatch","Sony","smartwatch","48.00","R$ 3,960.00","February","190080.00"
"310","Evonne Poxton","smartphone","Samsung","smartphone","27.00","R$ 3,922.00","May","105894.00"
"817","Karola Matthaus","tablet","Sony","tablet","90.00","R$ 4,395.00","June","395550.00"
"536","Margret Lawerence","smartphone","LG","smartphone","73.00","R$ 9,348.00","February","682404.00"
"809","Morten Mathelin","smartwatch","Sony","smartwatch","25.00","R$ 4,091.00","February","102275.00"
"726","Jorie Goodsir","tablet","Apple","tablet","53.00","R$ 9,547.00","November","505991.00"
"131","Vladimir Dunrige","tablet","Apple","tablet","75.00","R$ 7,516.00","January","563700.00"
"263","Nicola Jarrelt","smartphone","Xiaomi","smartphone","26.00","R$ 8,103.00","January","210678.00"
"182","Sibylle Oswell","smartwatch","LG","smartwatch","19.00","R$ 470.00","December","8930.00"
"287","Mickey Sherwyn","tablet","Samsung","tablet","89.00","R$ 3,440.00","December","306160.00"
"465","Ezmeralda McCurtin","laptop","Samsung","laptop","56.00","R$ 4,537.00","June","254072.00"
"791","Egor Blackburn","laptop","LG","laptop","68.00","R$ 1,553.00","June","105604.00"
"928","Nikola Pulver","smartwatch","Sony","smartwatch","72.00","R$ 8,889.00","July","640008.00"
"975","Darsie Banke","laptop","Sony","laptop","99.00","R$ 7,992.00","November","791208.00"
"643","Jocelyn Strover","smartphone","Samsung","smartphone","67.00","R$ 7,422.00","December","497274.00"
"775","Philip O' Flaherty","laptop","Sony","laptop","56.00","R$ 4,608.00","October","258048.00"
"380","Cathi Tootin","smartphone","Apple","smartphone","82.00","R$ 549.00","December","45018.00"
"64","Madel Potbury","smartphone","Apple","smartphone","72.00","R$ 2,467.00","November","177624.00"
"634","Anitra Lounds","smartwatch","Apple","smartwatch","32.00","R$ 1,527.00","January","48864.00"
"427","Josefina Benardeau","laptop","Sony","laptop","48.00","R$ 5,137.00","September","246576.00"
"510","Roda Ioan","smartphone","Sony","smartphone","65.00","R$ 3,690.00","February","239850.00"
"213","Tanhya Waine","tablet","Xiaomi","tablet","56.00","R$ 6,775.00","October","379400.00"
"290","Leonid Van Salzberger","tablet","Sony","tablet","22.00","R$ 4,089.00","October","89958.00"
"575","Merrill Lowis","smartwatch","Apple","smartwatch","35.00","R$ 2,172.00","September","76020.00"
"664","Wylie Tomasik","smartphone","Apple","smartphone","50.00","R$ 3,916.00","October","195800.00"
"217","Michelle Wathey","smartphone","LG","smartphone","10.00","R$ 4,204.00","December","42040.00"
"68","Gerhard Swallow","smartphone","Xiaomi","smartphone","97.00","R$ 2,685.00","March","260445.00"
"451","Nomi Lie","smartphone","Apple","smartphone","40.00","R$ 4,179.00","May","167160.00"
"549","Norris Netley","camera","Xiaomi","Maquina Fotografica  ","35.00","R$ 4,621.00","May","161735.00"
"537","Sheeree Fetter","laptop","Samsung","laptop","59.00","R$ 5,694.00","July","335946.00"
"666","Sheela Ferreli","laptop","Xiaomi","laptop","22.00","R$ 784.00","November","17248.00"
"25","Shannon Zanni","tablet","Sony","tablet","98.00","R$ 8,849.00","November","867202.00"
"361","Humbert Weddell","laptop","LG","laptop","12.00","R$ 3,725.00","May","44700.00"
"570","Casandra Ponde","laptop","Apple","laptop","94.00","R$ 6,965.00","November","654710.00"
"522","Kelly Banbrick","camera","Apple","Maquina Fotografica  ","95.00","R$ 7,678.00","July","729410.00"
"179","Griz Feetham","smartwatch","Sony","smartwatch","70.00","R$ 2,630.00","September","184100.00"
"280","Lance Kliemchen","laptop","Xiaomi","laptop","77.00","R$ 8,289.00","September","638253.00"
"160","Millisent Orrom","smartphone","Xiaomi","smartphone","15.00","R$ 2,057.00","May","30855.00"
"745","Maegan Presnail","smartwatch","Apple","smartwatch","43.00","R$ 8,207.00","September","352901.00"
"512","Wyn Heliet","smartwatch","Samsung","smartwatch","37.00","R$ 7,190.00","February","266030.00"
"981","Lauraine Windsor","smartwatch","LG","smartwatch","6.00","R$ 8,443.00","October","50658.00"
"241","Zola O'Devey","smartwatch","Samsung","smartwatch","61.00","R$ 1,472.00","November","89792.00"
"823","Lissi Efford","smartphone","Xiaomi","smartphone","67.00","R$ 2,975.00","March","199325.00"
"338","Bendicty Jacomb","smartphone","Sony","smartphone","3.00","R$ 5,662.00","January","16986.00"
"605","Agustin De Gregario","smartphone","LG","smartphone","72.00","R$ 3,955.00","March","284760.00"
"59","Filberto Smorfit","tablet","Sony","tablet","92.00","R$ 182.00","June","16744.00"
"332","Mari Hain","tablet","Apple","tablet","89.00","R$ 3,786.00","February","336954.00"
"29","Orran Sparham","tablet","LG","tablet","32.00","R$ 4,144.00","August","132608.00"
"99","Carmelia Jankiewicz","tablet","Samsung","tablet","96.00","R$ 6,891.00","April","661536.00"
"133","Kellyann Woodus","camera","Sony","Maquina Fotografica  ","10.00","R$ 307.00","August","3070.00"
"127","Austin Sailer","smartwatch","Xiaomi","smartwatch","95.00","R$ 7,212.00","July","685140.00"
"834","Armando Saffran","smartphone","Xiaomi","smartphone","59.00","R$ 3,694.00","September","217946.00"
"405","Enrika Crass","laptop","Apple","laptop","57.00","R$ 7,950.00","February","453150.00"
"277","Aaron Gress","laptop","Sony","laptop","65.00","R$ 4,671.00","May","303615.00"
"976","Stan Colloby","smartphone","Apple","smartphone","11.00","R$ 1,595.00","September","17545.00"
"430","Celinda Paszek","smartwatch","Samsung","smartwatch","40.00","R$ 8,385.00","April","335400.00"
"609","Sallyanne Earthfield","tablet","Xiaomi","tablet","97.00","R$ 8,709.00","July","844773.00"
"9","Tricia Rumin","smartwatch","LG","smartwatch","13.00","R$ 902.00","October","11726.00"
"500","Kori Haselwood","smartwatch","Samsung","smartwatch","6.00","R$ 2,027.00","August","12162.00"
"477","Robinson Howton","laptop","Sony","laptop","47.00","R$ 8,588.00","May","403636.00"
"426","Donielle Castellan","smartphone","LG","smartphone","13.00","R$ 1,687.00","July","21931.00"
"513","Pierre Buswell","smartwatch","Xiaomi","smartwatch","71.00","R$ 8,313.00","January","590223.00"
"623","Gustie Barok","camera","Xiaomi","Maquina Fotografica  ","79.00","R$ 2,560.00","January","202240.00"
"158","Leupold Brugden","tablet","Sony","tablet","15.00","R$ 280.00","June","4200.00"
"279","Gaby Kerfoot","laptop","Sony","laptop","51.00","R$ 6,665.00","January","339915.00"
"339","Mirabella Andrassy","smartwatch","Samsung","smartwatch","23.00","R$ 5,655.00","June","130065.00"
"586","Odella Vanetti","camera","Apple","Maquina Fotografica  ","79.00","R$ 5,326.00","June","420754.00"
"52","Willi Roulston","camera","Apple","Maquina Fotografica  ","76.00","R$ 3,998.00","October","303848.00"
"709","Babara Niche","tablet","Xiaomi","tablet","100.00","R$ 6,653.00","November","665300.00"
"108","Manfred Firmage","camera","Apple","Maquina Fotografica  ","21.00","R$ 5,485.00","December","115185.00"
"724","Tony Reavey","smartphone","LG","smartphone","76.00","R$ 4,449.00","August","338124.00"
"156","Anatollo Kennford","smartphone","Xiaomi","smartphone","95.00","R$ 6,740.00","September","640300.00"
"873","Teddie Placidi","smartwatch","Apple","smartwatch","5.00","R$ 3,669.00","November","18345.00"
"229","Ambrosi Fuchs","smartphone","Sony","smartphone","36.00","R$ 2,986.00","December","107496.00"
"592","Marion Booi","laptop","LG","laptop","32.00","R$ 7,361.00","May","235552.00"
"6","Brenn Spancock","tablet","Apple","tablet","85.00","R$ 6,020.00","June","511700.00"
"432","Louella Grayham","camera","Samsung","Maquina Fotografica  ","38.00","R$ 7,671.00","April","291498.00"
"284","Joseph Alker","tablet","Samsung","tablet","5.00","R$ 2,994.00","September","14970.00"
"109","Frasquito Bussons","camera","Samsung","Maquina Fotografica  ","63.00","R$ 830.00","January","52290.00"
"316","Payton Chappelle","camera","Xiaomi","Maquina Fotografica  ","94.00","R$ 6,128.00","February","576032.00"
"202","Osborne Stenson","smartwatch","LG","smartwatch","93.00","R$ 7,975.00","January","741675.00"
"447","Payton Petlyura","smartwatch","Sony","smartwatch","17.00","R$ 9,590.00","June","163030.00"
"966","Matias Ley","tablet","LG","tablet","60.00","R$ 4,654.00","November","279240.00"
"846","Dacie Jacke","smartphone","Samsung","smartphone","44.00","R$ 7,441.00","December","327404.00"
"252","Lionello Slamaker","camera","Apple","Maquina Fotografica  ","92.00","R$ 6,733.00","January","619436.00"
"360","Suellen Hartropp","smartphone","Xiaomi","smartphone","77.00","R$ 9,477.00","January","729729.00"
"942","Ilse Wigfield","smartphone","Apple","smartphone","40.00","R$ 6,553.00","August","262120.00"
"79","Gavin Solway","camera","Sony","Maquina Fotografica  ","74.00","R$ 8,835.00","November","653790.00"
"403","Glen Scad","camera","Samsung","Maquina Fotografica  ","71.00","R$ 2,482.00","September","176222.00"
"990","Ava Veldman","tablet","LG","tablet","76.00","R$ 5,820.00","June","442320.00"
"984","Saunderson MacMechan","tablet","Samsung","tablet","6.00","R$ 4,844.00","October","29064.00"
"925","Linnie Janosevic","smartphone","Xiaomi","smartphone","90.00","R$ 9,009.00","September","810810.00"
"199","Adolphus Cabrer","smartwatch","Samsung","smartwatch","23.00","R$ 327.00","June","7521.00"
"365","Darbie Pickhaver","camera","LG","Maquina Fotografica  ","88.00","R$ 2,600.00","September","228800.00"
"480","Hanna Gherardelli","smartwatch","Xiaomi","smartwatch","95.00","R$ 8,586.00","June","815670.00"
"712","Jenilee Youngs","tablet","Samsung","tablet","8.00","R$ 2,588.00","April","20704.00"
"617","Camala Willmot","camera","Sony","Maquina Fotografica  ","9.00","R$ 7,133.00","June","64197.00"
"506","Priscilla De la Harpe","camera","Sony","Maquina Fotografica  ","83.00","R$ 8,115.00","August","673545.00"
"896","Meredeth Irdale","smartwatch","Samsung","smartwatch","96.00","R$ 991.00","September","95136.00"
"900","Caril Turbayne","smartphone","LG","smartphone","74.00","R$ 3,296.00","October","243904.00"
"335","Borg Gregoriou","smartphone","Sony","smartphone","46.00","R$ 2,020.00","November","92920.00"
"256","Moises Gorvin","smartwatch","Apple","smartwatch","97.00","R$ 1,680.00","January","162960.00"
"117","Dimitry Station","camera","Samsung","Maquina Fotografica  ","32.00","R$ 176.00","December","5632.00"
"329","Kirby Thornton-Dewhirst","laptop","LG","laptop","84.00","R$ 8,214.00","April","689976.00"
"209","Edvard Treamayne","tablet","Sony","tablet","41.00","R$ 4,465.00","May","183065.00"
"248","Tammara Bernetti","tablet","LG","tablet","97.00","R$ 68.00","February","6596.00"
"86","Leelah Bernardet","laptop","Sony","laptop","62.00","R$ 1,062.00","July","65844.00"
"153","Ainslie Mattingly","smartwatch","Apple","smartwatch","1.00","R$ 9,267.00","June","9267.00"
"393","Shawn Gossington","laptop","Sony","laptop","41.00","R$ 3,127.00","March","128207.00"
"718","Trenton Mahoney","laptop","Apple","laptop","23.00","R$ 4,208.00","December","96784.00"
"207","Ardella Aitkin","smartwatch","Apple","smartwatch","39.00","R$ 6,312.00","January","246168.00"
"563","Raimondo Sacco","camera","Xiaomi","Maquina Fotografica  ","54.00","R$ 1,690.00","December","91260.00"
"818","Sibelle Bellino","camera","Apple","Maquina Fotografica  ","27.00","R$ 2,051.00","September","55377.00"
"318","Vance Aberhart","smartwatch","Xiaomi","smartwatch","78.00","R$ 1,115.00","May","86970.00"
"541","Kathy Jerrand","camera","Samsung","Maquina Fotografica  ","20.00","R$ 3,994.00","December","79880.00"
"80","Norton Aslen","smartwatch","LG","smartwatch","4.00","R$ 1,481.00","July","5924.00"
"850","Dalenna Burburough","smartphone","Xiaomi","smartphone","71.00","R$ 3,862.00","July","274202.00"
"540","Vincenty Callander","smartwatch","Samsung","smartwatch","27.00","R$ 2,364.00","March","63828.00"
"340","Tremain Christall","laptop","Samsung","laptop","11.00","R$ 1,722.00","August","18942.00"
"390","Micky Millett","smartwatch","Samsung","smartwatch","91.00","R$ 68.00","December","6188.00"
"46","Raff Noorwood","laptop","Samsung","laptop","86.00","R$ 4,052.00","July","348472.00"
"294","Jone Killeen","smartwatch","Samsung","smartwatch","39.00","R$ 6,672.00","August","260208.00"
"453","Carin Jentet","smartwatch","Samsung","smartwatch","64.00","R$ 4,687.00","April","299968.00"
"758","Arabela Shillito","tablet","Samsung","tablet","70.00","R$ 2,059.00","December","144130.00"
"73","Balduin Stickells","camera","LG","Maquina Fotografica  ","49.00","R$ 9,802.00","March","480298.00"
"111","Kamillah Ferraro","smartwatch","Apple","smartwatch","99.00","R$ 9,016.00","April","892584.00"
"496","Carmine Farguhar","camera","Xiaomi","Maquina Fotografica  ","35.00","R$ 9,361.00","October","327635.00"
"63","Gale Persitt","smartwatch","Apple","smartwatch","20.00","R$ 153.00","September","3060.00"
"106","Welbie L'Amie","smartphone","Sony","smartphone","78.00","R$ 2,938.00","December","229164.00"
"243","Faustine Devaney","laptop","Apple","laptop","48.00","R$ 5,008.00","June","240384.00"
"320","Pavel Asquez","smartphone","Samsung","smartphone","94.00","R$ 1,050.00","April","98700.00"
"367","Nessy Pesticcio","smartwatch","Xiaomi","smartwatch","14.00","R$ 1,056.00","June","14784.00"
"164","Nancee Timmermann","smartwatch","Sony","smartwatch","5.00","R$ 2,661.00","February","13305.00"
"212","Lynnelle Mort","smartwatch","Apple","smartwatch","11.00","R$ 9,803.00","July","107833.00"
"835","Mace Povey","tablet","Xiaomi","tablet","85.00","R$ 1,314.00","October","111690.00"
"721","Rene Gyorffy","smartphone","Sony","smartphone","9.00","R$ 6,129.00","May","55161.00"
"652","Caryl Spours","camera","Sony","Maquina Fotografica  ","87.00","R$ 6,218.00","April","540966.00"
"993","Grissel Blueman","tablet","Sony","tablet","96.00","R$ 4,587.00","March","440352.00"
"471","Fayth Blundon","tablet","Sony","tablet","93.00","R$ 5,386.00","May","500898.00"
"455","Eolanda Porrett","camera","Xiaomi","Maquina Fotografica  ","71.00","R$ 6,843.00","November","485853.00"
"719","Maye Torns","laptop","Xiaomi","laptop","49.00","R$ 5,590.00","July","273910.00"
"433","Delainey Kinnier","tablet","Apple","tablet","52.00","R$ 9,255.00","January","481260.00"
"685","Karry Chorley","laptop","Sony","laptop","77.00","R$ 7,381.00","February","568337.00"
"885","Georgine Scarre","camera","Apple","Maquina Fotografica  ","92.00","R$ 8,152.00","May","749984.00"
"548","Stillman Rickersy","smartphone","Xiaomi","smartphone","65.00","R$ 1,307.00","July","84955.00"
"635","Margarette Daulton","laptop","Sony","laptop","72.00","R$ 3,480.00","October","250560.00"
"659","Janella Kennealy","tablet","Sony","tablet","43.00","R$ 193.00","March","8299.00"
"304","Esther Duddridge","laptop","Xiaomi","laptop","60.00","R$ 2,962.00","November","177720.00"
"740","Prissie Presser","camera","Xiaomi","Maquina Fotografica  ","70.00","R$ 2,256.00","December","157920.00"
"44","Phillis Crauford","smartwatch","Samsung","smartwatch","34.00","R$ 5,638.00","October","191692.00"
"642","Cullan Ortells","tablet","Samsung","tablet","71.00","R$ 8,056.00","May","571976.00"
"14","Winslow Coffey","tablet","Samsung","tablet","1.00","R$ 7,384.00","February","7384.00"
"863","Emlen Alldridge","laptop","LG","laptop","1.00","R$ 7,373.00","July","7373.00"
"215","Juan Fielden","smartwatch","Xiaomi","smartwatch","87.00","R$ 3,082.00","September","268134.00"
"523","Claus Rosenbaum","smartphone","Sony","smartphone","88.00","R$ 7,675.00","June","675400.00"
"35","Townie Give","smartwatch","Sony","smartwatch","68.00","R$ 7,784.00","September","529312.00"
"969","Denice Posse","camera","Samsung","Maquina Fotografica  ","72.00","R$ 5,023.00","March","361656.00"
"397","Laney Hubbert","smartwatch","Sony","smartwatch","33.00","R$ 3,362.00","June","110946.00"
"105","Gilbert Hamby","camera","Xiaomi","Maquina Fotografica  ","2.00","R$ 8,901.00","June","17802.00"
"909","Ned Pridgeon","laptop","Samsung","laptop","19.00","R$ 4,290.00","November","81510.00"
"821","Larissa Gudgen","smartphone","Samsung","smartphone","1.00","R$ 1,003.00","March","1003.00"
"766","Darline Fleming","smartphone","Xiaomi","smartphone","41.00","R$ 5,686.00","October","233126.00"
"661","Marji Beart","camera","Apple","Maquina Fotografica  ","72.00","R$ 4,459.00","June","321048.00"
"853","Lilias Unthank","smartwatch","Xiaomi","smartwatch","62.00","R$ 2,031.00","November","125922.00"
"135","Monica Beale","smartphone","LG","smartphone","87.00","R$ 351.00","December","30537.00"
"205","Forrest Flahive","laptop","Xiaomi","laptop","3.00","R$ 804.00","August","2412.00"
"38","Vanda Dolling","smartphone","LG","smartphone","1.00","R$ 6,195.00","April","6195.00"
"553","Valentino Gilling","camera","Samsung","Maquina Fotografica  ","32.00","R$ 2,598.00","May","83136.00"
"396","Danni Lamperti","camera","Apple","Maquina Fotografica  ","17.00","R$ 6,714.00","January","114138.00"
"15","Theadora Coulthurst","tablet","Xiaomi","tablet","74.00","R$ 3,006.00","March","222444.00"
"777","Joann Godmar","laptop","Apple","laptop","62.00","R$ 5,838.00","November","361956.00"
"428","Rosette Runge","laptop","Xiaomi","laptop","46.00","R$ 1,728.00","March","79488.00"
"902","Noella Seage","smartphone","Apple","smartphone","75.00","R$ 844.00","June","63300.00"
"565","Olimpia Stadding","smartphone","Sony","smartphone","2.00","R$ 7,004.00","April","14008.00"
"946","Druci Croom","smartwatch","Xiaomi","smartwatch","27.00","R$ 7,298.00","March","197046.00"
"725","Marie-ann Aggott","camera","Samsung","Maquina Fotografica  ","46.00","R$ 2,303.00","October","105938.00"
"468","Fayre Devenny","smartwatch","Xiaomi","smartwatch","31.00","R$ 2,742.00","August","85002.00"
"177","Lovell Cleynaert","smartphone","Sony","smartphone","85.00","R$ 3,699.00","November","314415.00"
"143","Giffer Clarage","tablet","Samsung","tablet","11.00","R$ 4,567.00","October","50237.00"
"923","Marie-ann Aggott","camera","Apple","Maquina Fotografica  ","55.00","R$ 5,923.00","November","325765.00"
"435","Drusi Markova","tablet","Sony","tablet","33.00","R$ 3,525.00","August","116325.00"
"69","Reinaldos Szymanzyk","smartphone","Samsung","smartphone","25.00","R$ 8,249.00","August","206225.00"
"831","Rudy Plunkett","smartphone","Sony","smartphone","14.00","R$ 9,972.00","August","139608.00"
"399","Lev Colliber","smartphone","Sony","smartphone","4.00","R$ 8,222.00","October","32888.00"
"359","Jordain Febry","laptop","Sony","laptop","7.00","R$ 4,464.00","May","31248.00"
"265","Jeddy Meni","tablet","Xiaomi","tablet","1.00","R$ 5.00","August","5.00"
"464","Lori Steinham","smartphone","Apple","smartphone","33.00","R$ 3,606.00","April","118998.00"
"899","Trevor Cutts","smartphone","Apple","smartphone","1.00","R$ 4,880.00","December","4880.00"
"331","Andreana Semour","camera","Sony","Maquina Fotografica  ","49.00","R$ 7,442.00","December","364658.00"
"723","Toni Gaiford","smartwatch","Apple","smartwatch","9.00","R$ 8,937.00","January","80433.00"
"980","Hadria Cleyne","laptop","Apple","laptop","97.00","R$ 5,238.00","May","508086.00"
"429","Andee Geraghty","laptop","Samsung","laptop","47.00","R$ 3,250.00","March","152750.00"
"631","Olimpia McLanaghan","tablet","Sony","tablet","14.00","R$ 3,724.00","November","52136.00"
"547","Bale Benck","camera","LG","Maquina Fotografica  ","87.00","R$ 5,751.00","July","500337.00"
"333","Dorris Imbrey","smartwatch","Sony","smartwatch","39.00","R$ 8,823.00","May","344097.00"
"602","Craggie Binden","camera","Samsung","Maquina Fotografica  ","47.00","R$ 8,241.00","December","387327.00"
"191","Raleigh McTear","tablet","Sony","tablet","87.00","R$ 6,901.00","December","600387.00"
"546","Alexandros Barwis","tablet","Samsung","tablet","53.00","R$ 1,595.00","April","84535.00"
"696","Isacco Stockford","camera","Apple","Maquina Fotografica  ","83.00","R$ 3,318.00","April","275394.00"
"905","Cecil Gino","camera","Samsung","Maquina Fotografica  ","51.00","R$ 7,783.00","August","396933.00"
"611","Nicolina Knightley","smartwatch","LG","smartwatch","87.00","R$ 9,037.00","December","786219.00"
"33","Hazel Velez","camera","LG","Maquina Fotografica  ","92.00","R$ 8,919.00","July","820548.00"
"672","Evonne Poxton","smartwatch","LG","smartwatch","23.00","R$ 6,089.00","October","140047.00"
"55","Karola Matthaus","smartphone","LG","smartphone","54.00","R$ 8,476.00","December","457704.00"
"780","Margret Lawerence","tablet","Apple","tablet","46.00","R$ 7,770.00","March","357420.00"
"667","Morten Mathelin","smartphone","Samsung","smartphone","26.00","R$ 6,403.00","July","166478.00"
"783","Jorie Goodsir","smartwatch","Apple","smartwatch","15.00","R$ 1,165.00","June","17475.00"
"245","Vladimir Dunrige","tablet","Samsung","tablet","53.00","R$ 5,959.00","May","315827.00"
"947","Nicola Jarrelt","laptop","Sony","laptop","6.00","R$ 4,866.00","January","29196.00"
"116","Sibylle Oswell","camera","LG","Maquina Fotografica  ","5.00","R$ 8,433.00","May","42165.00"
"19","Mickey Sherwyn","tablet","LG","tablet","78.00","R$ 2,905.00","April","226590.00"
"276","Ezmeralda McCurtin","tablet","Samsung","tablet","87.00","R$ 1,000.00","October","87000.00"
"647","Egor Blackburn","camera","Samsung","Maquina Fotografica  ","21.00","R$ 1,244.00","July","26124.00"
"849","Nikola Pulver","smartphone","Samsung","smartphone","93.00","R$ 2,991.00","October","278163.00"
"706","Darsie Banke","camera","LG","Maquina Fotografica  ","46.00","R$ 5,166.00","December","237636.00"
"377","Jocelyn Strover","camera","Apple","Maquina Fotografica  ","61.00","R$ 9,549.00","November","582489.00"
"172","Philip O' Flaherty","tablet","Xiaomi","tablet","30.00","R$ 1,765.00","January","52950.00"
"166","Cathi Tootin","laptop","Samsung","laptop","75.00","R$ 7,042.00","September","528150.00"
"384","Madel Potbury","tablet","Apple","tablet","28.00","R$ 8,972.00","February","251216.00"
"120","Anitra Lounds","smartwatch","LG","smartwatch","82.00","R$ 7,372.00","March","604504.00"
"773","Josefina Benardeau","tablet","LG","tablet","53.00","R$ 3,970.00","May","210410.00"
"576","Roda Ioan","tablet","Samsung","tablet","31.00","R$ 7,419.00","March","229989.00"
"219","Tanhya Waine","smartphone","LG","smartphone","86.00","R$ 7,837.00","July","673982.00"
"614","Leonid Van Salzberger","smartwatch","Apple","smartwatch","65.00","R$ 7,365.00","October","478725.00"
"862","Merrill Lowis","camera","Sony","Maquina Fotografica  ","75.00","R$ 7,707.00","November","578025.00"
"584","Wylie Tomasik","smartphone","Apple","smartphone","61.00","R$ 9,893.00","November","603473.00"
"830","Michelle Wathey","smartwatch","Apple","smartwatch","86.00","R$ 8,982.00","November","772452.00"
"641","Gerhard Swallow","smartphone","Sony","smartphone","81.00","R$ 1,856.00","February","150336.00"
"275","Nomi Lie","camera","Xiaomi","Maquina Fotografica  ","1.00","R$ 1,637.00","February","1637.00"
"298","Norris Netley","camera","LG","Maquina Fotografica  ","1.00","R$ 2,756.00","October","2756.00"
"784","Sheeree Fetter","camera","Xiaomi","Maquina Fotografica  ","67.00","R$ 3,446.00","February","230882.00"
"75","Sheela Ferreli","smartphone","Sony","smartphone","96.00","R$ 3,276.00","May","314496.00"
"489","Shannon Zanni","camera","Samsung","Maquina Fotografica  ","12.00","R$ 9,360.00","March","112320.00"
"559","Humbert Weddell","laptop","Apple","laptop","72.00","R$ 2,754.00","September","198288.00"
"273","Casandra Ponde","laptop","Sony","laptop","15.00","R$ 7,725.00","April","115875.00"
"197","Kelly Banbrick","laptop","LG","laptop","29.00","R$ 2,996.00","April","86884.00"
"934","Griz Feetham","tablet","Samsung","tablet","5.00","R$ 6,741.00","November","33705.00"
"490","Lance Kliemchen","smartwatch","Apple","smartwatch","29.00","R$ 3,517.00","February","101993.00"
"908","Millisent Orrom","laptop","Samsung","laptop","68.00","R$ 6,683.00","May","454444.00"
"858","Maegan Presnail","camera","Xiaomi","Maquina Fotografica  ","1.00","R$ 6,908.00","August","6908.00"
"728","Wyn Heliet","smartphone","Samsung","smartphone","87.00","R$ 8,285.00","July","720795.00"
"57","Lauraine Windsor","camera","LG","Maquina Fotografica  ","39.00","R$ 1,805.00","November","70395.00"
"325","Zola O'Devey","smartwatch","LG","smartwatch","66.00","R$ 3,307.00","October","218262.00"
"125","Lissi Efford","laptop","Xiaomi","laptop","24.00","R$ 6,927.00","April","166248.00"
"922","Bendicty Jacomb","camera","LG","Maquina Fotografica  ","69.00","R$ 8,176.00","March","564144.00"
"788","Agustin De Gregario","smartphone","Apple","smartphone","14.00","R$ 9,270.00","May","129780.00"
"987","Filberto Smorfit","tablet","LG","tablet","43.00","R$ 6,777.00","August","291411.00"
"34","Mari Hain","smartphone","Sony","smartphone","7.00","R$ 3,890.00","February","27230.00"
"278","Orran Sparham","smartphone","Samsung","smartphone","96.00","R$ 714.00","February","68544.00"
"82","Carmelia Jankiewicz","smartwatch","LG","smartwatch","54.00","R$ 4,081.00","June","220374.00"
"578","Kellyann Woodus","smartphone","Apple","smartphone","98.00","R$ 7,241.00","January","709618.00"
"419","Austin Sailer","tablet","Samsung","tablet","86.00","R$ 5,635.00","January","484610.00"
"466","Armando Saffran","laptop","Apple","laptop","42.00","R$ 3,967.00","November","166614.00"
"650","Enrika Crass","smartwatch","Sony","smartwatch","99.00","R$ 338.00","May","33462.00"
"142","Aaron Gress","tablet","LG","tablet","23.00","R$ 1,545.00","June","35535.00"
"739","Stan Colloby","laptop","Samsung","laptop","69.00","R$ 2,221.00","March","153249.00"
"274","Celinda Paszek","smartphone","LG","smartphone","63.00","R$ 5,462.00","September","344106.00"
"746","Sallyanne Earthfield","smartwatch","Samsung","smartwatch","90.00","R$ 7,964.00","September","716760.00"
"729","Tricia Rumin","smartwatch","LG","smartwatch","99.00","R$ 5,585.00","March","552915.00"
"878","Kori Haselwood","smartwatch","Xiaomi","smartwatch","70.00","R$ 3,026.00","September","211820.00"
"72","Robinson Howton","laptop","LG","laptop","30.00","R$ 841.00","August","25230.00"
"422","Donielle Castellan","smartwatch","Apple","smartwatch","87.00","R$ 710.00","July","61770.00"
"70","Pierre Buswell","smartwatch","Apple","smartwatch","77.00","R$ 1,161.00","April","89397.00"
"67","Gustie Barok","laptop","Samsung","laptop","95.00","R$ 4,672.00","December","443840.00"
"799","Leupold Brugden","tablet","Sony","tablet","76.00","R$ 88.00","July","6688.00"
"833","Gaby Kerfoot","smartwatch","Xiaomi","smartwatch","33.00","R$ 6,200.00","September","204600.00"
"836","Mirabella Andrassy","smartwatch","Sony","smartwatch","62.00","R$ 8,052.00","December","499224.00"
"529","Odella Vanetti","smartwatch","Xiaomi","smartwatch","5.00","R$ 1,211.00","July","6055.00"
"720","Willi Roulston","tablet","Xiaomi","tablet","27.00","R$ 3,629.00","June","97983.00"
"299","Babara Niche","smartwatch","Samsung","smartwatch","43.00","R$ 6,460.00","December","277780.00"
"815","Manfred Firmage","laptop","Sony","laptop","42.00","R$ 5,694.00","December","239148.00"
"421","Tony Reavey","smartwatch","Sony","smartwatch","13.00","R$ 1,533.00","July","19929.00"
"463","Anatollo Kennford","camera","Sony","Maquina Fotografica  ","52.00","R$ 993.00","December","51636.00"
"337","Teddie Placidi","laptop","Apple","laptop","19.00","R$ 9,427.00","May","179113.00"
"441","Ambrosi Fuchs","smartwatch","Samsung","smartwatch","29.00","R$ 9,729.00","December","282141.00"
"930","Marion Booi","laptop","Sony","laptop","73.00","R$ 2,451.00","January","178923.00"
"145","Brenn Spancock","camera","LG","Maquina Fotografica  ","21.00","R$ 1,691.00","January","35511.00"
"711","Louella Grayham","laptop","Apple","laptop","87.00","R$ 858.00","July","74646.00"
"392","Joseph Alker","smartphone","LG","smartphone","79.00","R$ 5,552.00","April","438608.00"
"431","Frasquito Bussons","camera","Sony","Maquina Fotografica  ","55.00","R$ 3,579.00","November","196845.00"
"505","Payton Chappelle","camera","Samsung","Maquina Fotografica  ","4.00","R$ 1,171.00","June","4684.00"
"409","Osborne Stenson","laptop","LG","laptop","70.00","R$ 8,964.00","March","627480.00"
"638","Payton Petlyura","smartphone","Apple","smartphone","31.00","R$ 5,787.00","January","179397.00"
"495","Matias Ley","smartwatch","LG","smartwatch","15.00","R$ 3,497.00","September","52455.00"
"920","Dacie Jacke","laptop","Xiaomi","laptop","20.00","R$ 6,975.00","September","139500.00"
"147","Lionello Slamaker","laptop","LG","laptop","71.00","R$ 320.00","February","22720.00"
"289","Suellen Hartropp","tablet","Sony","tablet","38.00","R$ 1,031.00","September","39178.00"
"437","Ilse Wigfield","smartwatch","Samsung","smartwatch","70.00","R$ 7,593.00","February","531510.00"
"223","Gavin Solway","smartphone","Apple","smartphone","26.00","R$ 4,618.00","December","120068.00"
"717","Glen Scad","camera","Samsung","Maquina Fotografica  ","1.00","R$ 9,883.00","October","9883.00"
"882","Ava Veldman","tablet","Samsung","tablet","37.00","R$ 6,144.00","October","227328.00"
"193","Saunderson MacMechan","smartwatch","Xiaomi","smartwatch","7.00","R$ 2,768.00","September","19376.00"
"964","Linnie Janosevic","smartphone","Apple","smartphone","33.00","R$ 1,363.00","October","44979.00"
"100","Adolphus Cabrer","smartphone","Xiaomi","smartphone","87.00","R$ 6,375.00","December","554625.00"
"493","Darbie Pickhaver","smartwatch","Apple","smartwatch","47.00","R$ 9,396.00","June","441612.00"
"904","Hanna Gherardelli","tablet","Xiaomi","tablet","55.00","R$ 322.00","May","17710.00"
"839","Jenilee Youngs","laptop","Xiaomi","laptop","73.00","R$ 3,724.00","October","271852.00"
"66","Camala Willmot","camera","Samsung","Maquina Fotografica  ","91.00","R$ 1,734.00","March","157794.00"
"407","Priscilla De la Harpe","smartwatch","LG","smartwatch","95.00","R$ 2,693.00","March","255835.00"
"689","Meredeth Irdale","camera","Apple","Maquina Fotografica  ","67.00","R$ 7,341.00","February","491847.00"
"144","Caril Turbayne","smartphone","Samsung","smartphone","44.00","R$ 2,863.00","December","125972.00"
"30","Borg Gregoriou","smartphone","LG","smartphone","28.00","R$ 6,715.00","January","188020.00"
"417","Moises Gorvin","smartphone","Xiaomi","smartphone","8.00","R$ 213.00","January","1704.00"
"774","Dimitry Station","smartwatch","Xiaomi","smartwatch","75.00","R$ 1,890.00","May","141750.00"
"700","Kirby Thornton-Dewhirst","smartphone","LG","smartphone","59.00","R$ 5,292.00","January","312228.00"
"851","Edvard Treamayne","smartwatch","Sony","smartwatch","34.00","R$ 1,015.00","November","34510.00"
"950","Tammara Bernetti","laptop","Apple","laptop","91.00","R$ 8,775.00","May","798525.00"
"843","Leelah Bernardet","tablet","LG","tablet","3.00","R$ 8,490.00","February","25470.00"
"692","Ainslie Mattingly","camera","Samsung","Maquina Fotografica  ","82.00","R$ 5,868.00","April","481176.00"
"354","Shawn Gossington","tablet","Xiaomi","tablet","54.00","R$ 5,961.00","November","321894.00"
"434","Trenton Mahoney","laptop","Sony","laptop","43.00","R$ 668.00","November","28724.00"
"792","Ardella Aitkin","laptop","Xiaomi","laptop","5.00","R$ 2,972.00","August","14860.00"
"479","Raimondo Sacco","smartphone","Apple","smartphone","66.00","R$ 2,667.00","August","176022.00"
"327","Sibelle Bellino","tablet","Sony","tablet","91.00","R$ 1,224.00","November","111384.00"
"572","Vance Aberhart","tablet","Xiaomi","tablet","64.00","R$ 3,802.00","December","243328.00"
"201","Kathy Jerrand","tablet","Sony","tablet","49.00","R$ 3,079.00","November","150871.00"
"599","Norton Aslen","laptop","Apple","laptop","86.00","R$ 2,666.00","December","229276.00"
"636","Dalenna Burburough","laptop","LG","laptop","78.00","R$ 6,417.00","March","500526.00"
"469","Vincenty Callander","camera","Sony","Maquina Fotografica  ","63.00","R$ 5,983.00","October","376929.00"
"119","Tremain Christall","tablet","Samsung","tablet","3.00","R$ 9,642.00","October","28926.00"
"894","Micky Millett","tablet","Xiaomi","tablet","34.00","R$ 6,665.00","February","226610.00"
"630","Raff Noorwood","smartphone","Samsung","smartphone","90.00","R$ 6,466.00","August","581940.00"
"222","Jone Killeen","camera","Xiaomi","Maquina Fotografica  ","63.00","R$ 5,779.00","June","364077.00"
"481","Carin Jentet","smartphone","Apple","smartphone","2.00","R$ 2,761.00","November","5522.00"
"988","Arabela Shillito","tablet","Samsung","tablet","44.00","R$ 5,148.00","September","226512.00"
"62","Balduin Stickells","camera","LG","Maquina Fotografica  ","2.00","R$ 4,443.00","May","8886.00"
"7","Kamillah Ferraro","camera","Samsung","Maquina Fotografica  ","75.00","R$ 3,351.00","November","251325.00"
"260","Carmine Farguhar","camera","LG","Maquina Fotografica  ","72.00","R$ 4,855.00","June","349560.00"
"297","Gale Persitt","tablet","Apple","tablet","18.00","R$ 5,412.00","April","97416.00"
"170","Welbie L'Amie","smartwatch","Xiaomi","smartwatch","67.00","R$ 7,656.00","August","512952.00"
"286","Faustine Devaney","laptop","Xiaomi","laptop","72.00","R$ 784.00","February","56448.00"
"521","Pavel Asquez","smartphone","Apple","smartphone","81.00","R$ 5,935.00","October","480735.00"
"764","Nessy Pesticcio","tablet","LG","tablet","71.00","R$ 2,926.00","April","207746.00"
"971","Nancee Timmermann","camera","Samsung","Maquina Fotografica  ","49.00","R$ 8,210.00","July","402290.00"
"136","Lynnelle Mort","tablet","Sony","tablet","64.00","R$ 1,338.00","September","85632.00"
"343","Mace Povey","tablet","Samsung","tablet","73.00","R$ 1,391.00","June","101543.00"
"657","Rene Gyorffy","smartwatch","LG","smartwatch","64.00","R$ 9,172.00","March","587008.00"
"945","Caryl Spours","camera","Samsung","Maquina Fotografica  ","39.00","R$ 855.00","April","33345.00"
"690","Grissel Blueman","smartwatch","Sony","smartwatch","22.00","R$ 3,378.00","March","74316.00"
"901","Fayth Blundon","camera","Xiaomi","Maquina Fotografica  ","8.00","R$ 5,232.00","December","41856.00"
"101","Eolanda Porrett","camera","Xiaomi","Maquina Fotografica  ","3.00","R$ 288.00","March","864.00"
"977","Maye Torns","smartwatch","Samsung","smartwatch","83.00","R$ 9,733.00","July","807839.00"
"624","Delainey Kinnier","smartphone","Samsung","smartphone","20.00","R$ 6,229.00","December","124580.00"
"462","Karry Chorley","smartwatch","Apple","smartwatch","17.00","R$ 1,704.00","July","28968.00"
"737","Georgine Scarre","smartwatch","Xiaomi","smartwatch","22.00","R$ 1,950.00","April","42900.00"
"267","Stillman Rickersy","laptop","Samsung","laptop","66.00","R$ 2,085.00","October","137610.00"
"527","Margarette Daulton","camera","Sony","Maquina Fotografica  ","34.00","R$ 5,553.00","June","188802.00"
"314","Janella Kennealy","camera","Sony","Maquina Fotografica  ","100.00","R$ 2,598.00","December","259800.00"
"601","Esther Duddridge","laptop","Sony","laptop","70.00","R$ 2,154.00","May","150780.00"
"595","Prissie Presser","camera","Apple","Maquina Fotografica  ","25.00","R$ 1,978.00","July","49450.00"
"176","Phillis Crauford","laptop","Apple","laptop","33.00","R$ 1,756.00","September","57948.00"
"4","Cullan Ortells","smartwatch","LG","smartwatch","67.00","R$ 2,135.00","September","143045.00"
"684","Winslow Coffey","camera","Samsung","Maquina Fotografica  ","1.00","R$ 4,092.00","August","4092.00"
"165","Emlen Alldridge","smartphone","Apple","smartphone","85.00","R$ 5,590.00","November","475150.00"
"141","Juan Fielden","smartwatch","Xiaomi","smartwatch","14.00","R$ 6,102.00","April","85428.00"
"671","Claus Rosenbaum","smartwatch","Xiaomi","smartwatch","47.00","R$ 792.00","October","37224.00"
"450","Townie Give","camera","Samsung","Maquina Fotografica  ","95.00","R$ 6,420.00","June","609900.00"
"730","Denice Posse","laptop","Xiaomi","laptop","27.00","R$ 9,917.00","May","267759.00"
"487","Laney Hubbert","camera","LG","Maquina Fotografica  ","69.00","R$ 5,212.00","March","359628.00"
"581","Gilbert Hamby","laptop","Samsung","laptop","98.00","R$ 8,665.00","June","849170.00"
"234","Ned Pridgeon","tablet","Apple","tablet","69.00","R$ 4,051.00","November","279519.00"
"43","Larissa Gudgen","camera","Sony","Maquina Fotografica  ","77.00","R$ 9,182.00","June","707014.00"
"74","Darline Fleming","smartphone","Xiaomi","smartphone","94.00","R$ 709.00","September","66646.00"
"824","Marji Beart","smartphone","Xiaomi","smartphone","53.00","R$ 6,463.00","June","342539.00"
"516","Lilias Unthank","tablet","Xiaomi","tablet","65.00","R$ 4,170.00","April","271050.00"
"60","Monica Beale","laptop","LG","laptop","2.00","R$ 9,371.00","November","18742.00"
"594","Forrest Flahive","tablet","Apple","tablet","38.00","R$ 8,069.00","October","306622.00"
"317","Vanda Dolling","smartphone","LG","smartphone","63.00","R$ 4,578.00","March","288414.00"
"806","Valentino Gilling","tablet","Apple","tablet","19.00","R$ 4,866.00","January","92454.00"
"898","Danni Lamperti","smartphone","Xiaomi","smartphone","15.00","R$ 2,360.00","December","35400.00"
"214","Theadora Coulthurst","tablet","Sony","tablet","93.00","R$ 5,146.00","December","478578.00"
"507","Joann Godmar","smartwatch","Sony","smartwatch","41.00","R$ 720.00","August","29520.00"
"543","Rosette Runge","laptop","LG","laptop","90.00","R$ 8,601.00","July","774090.00"
"555","Noella Seage","camera","LG","Maquina Fotografica  ","99.00","R$ 6,395.00","December","633105.00"
"1001","Olimpia Stadding","camera","Samsung","Maquina Fotografica  ","69.00","R$ 3,876.00","February","267444.00"
"225","Druci Croom","camera","Xiaomi","Maquina Fotografica  ","56.00","R$ 4,580.00","May","256480.00"
"530","Marie-ann Aggott","tablet","Xiaomi","tablet","15.00","R$ 7,026.00","December","105390.00"
"42","Fayre Devenny","camera","Sony","Maquina Fotografica  ","63.00","R$ 8,409.00","April","529767.00"
"827","Lovell Cleynaert","smartwatch","Samsung","smartwatch","36.00","R$ 5,111.00","October","183996.00"
"378","Giffer Clarage","camera","Xiaomi","Maquina Fotografica  ","36.00","R$ 9,500.00","February","342000.00"
